time_h,well_rate_total_STB_day,p0_psi,p1_psi,p2_psi,p3_psi,pc1_psi,qf1_STB_day_ft,panel1_halfwing_STB_day,Q1_STB_day,pc2_psi,qf2_STB_day_ft,panel2_halfwing_STB_day,Q2_STB_day,pc3_psi,qf3_STB_day_ft,panel3_halfwing_STB_day,Q3_STB_day
1e-06,2937.073599894763,4209.913049443598,4168.312964926923,4392.661990141391,3000.0,4199.513028314429,0.5261825477124773,36.832778339873414,0.0,4203.600178972202,-3.890064658675614,-272.304526107293,36.832778339873414,4177.471047471614,24.342979253068588,1704.0085477148011,-235.47174776741957
1.0390957538497442e-06,2935.767522099472,4209.8710543687575,4168.402455504053,4392.40369704313,3000.0,4199.503904652582,0.524519439184092,36.71636074288644,0.0,4203.66846645647,-3.8823394673740568,-271.763762716184,36.71636074288644,4177.037692984239,24.327588043186196,1702.9311630230336,-235.04740197329753
1.079719985668568e-06,2934.440152708686,4209.82858088499,4168.493212203716,4392.140897424459,3000.0,4199.494738714671,0.5228342647868474,36.59839853507931,0.0,4203.737449168266,-3.8744971285222682,-271.21479899655884,36.59839853507931,4176.5972000193515,24.311949668797464,1701.8364768158226,-234.6164004614795
1.1219324524549156e-06,2933.0903451831687,4209.785557654322,4168.585345414098,4391.873413608284,3000.0,4199.485504594266,0.5211247259405472,36.478730815838304,0.0,4203.807256342532,-3.8665294013393474,-270.65705809375436,36.47873081583831,4176.149200423418,24.296049998135718,1700.7234998695003,-234.17832727791603
1.1657952474521326e-06,2931.7173260339523,4209.741945261156,4168.67892146329,4391.601113229881,3000.0,4199.476189311689,0.519389485136206,36.35726395953442,0.0,4203.877957506005,-3.858431097622684,-270.0901768335879,36.35726395953442,4175.693442704638,24.279879655586136,1699.5915758910296,-233.73291287405343
1.211372891485723e-06,2930.3204582362314,4209.697716281864,4168.77399026422,4391.3238800450845,3000.0,4199.466784777453,0.5176275641752593,36.23392949226816,0.0,4203.949599700613,-3.8501981593216925,-269.5138711525185,36.23392949226815,4175.229717933068,24.263431011119515,1698.440170778366,-233.27994166025033
1.2587324278715013e-06,2928.8991697817937,4209.652849270887,4168.87059365734,4391.041605106166,3000.0,4199.4572853675,0.5158381625786349,36.10867138050445,0.0,4204.022218712773,-3.841827078219848,-268.92789547538933,36.10867138050445,4174.757837360811,24.246697271225454,1697.2688089857818,-232.8192240948849
1.307943521034256e-06,2927.4529236927783,4209.607326241534,4168.96876890682,4390.754183050769,3000.0,4199.447686907855,0.5140205815007028,35.9814407050492,0.0,4204.09584377545,-3.833314652600973,-268.33202568206815,35.9814407050492,4174.2776230274085,24.229672097477255,1696.0770468234082,-232.35058497701888
1.359078558981979e-06,2925.9812029896325,4209.561131407526,4169.068550448576,4390.461510234757,3000.0,4199.437986167789,0.5121741857013109,35.852192999091756,0.0,4204.170499915646,-3.8246578654663463,-267.72605058264423,35.852192999091756,4173.788903048633,24.212349415405267,1694.8644590783688,-231.87385758355248
1.4122127597864034e-06,2924.4835022417906,4209.514250479616,4169.169970868672,4390.163483676567,3000.0,4199.42818057688,0.5102983822737645,35.72088675916352,0.0,4204.246209265174,-3.815853816262832,-267.10976713839824,35.72088675916352,4173.291508966846,24.194723307144717,1693.63063150013,-231.38888037923476
1.4674242822264804e-06,2922.959322418407,4209.466670240581,4169.273061495784,4389.860000408255,3000.0,4199.418268054382,0.5083926077750748,35.58748254425524,0.0,4204.322991851503,-3.8068996794410834,-266.48297756087584,35.58748254425524,4172.785274134825,24.1767879460832,1692.375156225824,-230.89549501662057
1.5247943407575443e-06,2921.4081675542175,4209.418378273368,4169.377852781327,4389.5509570501135,3000.0,4199.408246900358,0.5064563199794141,35.45194239855899,0.0,4204.400866102505,-3.797792677774056,-265.84548744418396,35.451942398559,4172.270032667998,24.15853755461048,1691.0976288227337,-230.39354504562493
1.5844073249752842e-06,2919.8295424861517,4209.369362779654,4169.4843745542385,4389.236249517101,3000.0,4199.398115723299,0.50448899236055,35.3142294652385,0.0,4204.479849182247,-3.788530064385836,-265.19710450700853,35.314229465238505,4171.745618731965,24.1399663754978,1689.797646284846,-229.88287504177003
1.6463509237502493e-06,2918.2229512572912,4209.319612454813,4169.5926561975675,4388.915772807292,3000.0,4199.387873390502,0.5024901102765932,35.17430771936152,0.0,4204.559957221376,-3.779109110211737,-264.5376377148216,35.17430771936152,4171.211866038954,24.121068651772937,1688.4748056241056,-229.36332999546008
1.7107162542154878e-06,2916.5878959557313,4209.269116399665,4169.702726774064,4388.589420843732,3000.0,4199.377518993265,0.5004591682653432,35.03214177857402,0.0,4204.641205478681,-3.769527095000225,-263.86689665001575,35.03214177857402,4170.668607480434,24.10183861213296,1687.1287028493073,-228.83475487144176
1.7775979957970529e-06,2914.923875847589,4209.217864057152,4169.814615117181,4388.2570863523015,3000.0,4199.367051822159,0.49839566809225994,34.8876967664582,0.0,4204.723608455975,-3.7597813007128758,-263.1846910499013,34.887696766458205,4170.1156748517715,24.082270460103395,1685.7589322072376,-228.2969942834431
1.847094529484533e-06,2913.230386715335,4209.165845166453,4169.928349897909,4387.918660764662,3000.0,4199.356471349318,0.4962991173247031,34.74093821272921,0.0,4204.807179980325,-3.7498690065999942,-262.4908304619996,34.74093821272922,4169.552898641145,24.062358365813402,1684.365085606938,-227.74989224927035
1.919308082546469e-06,2911.5069203434423,4209.11304972964,4170.0439596741935,4387.574034139121,3000.0,4199.345777215778,0.49416902828509424,34.591831979956595,0.0,4204.891933262702,-3.7397874854808353,-261.7851239836585,34.591831979956595,4168.980107864528,24.0420964596489,1682.946752175423,-227.19329200370188
1.99434487890353e-06,2909.7529641123397,4209.059467987571,4170.161472927504,4387.223095094601,3000.0,4199.334969222555,0.49200491728350654,34.440344209845456,0.0,4204.977880939245,-3.7295340009110656,-261.06738006377464,34.440344209845456,4168.397129934534,24.021478827287122,1681.503517910099,-226.62703585392916
2.072315295380636e-06,2907.9680006737663,4209.005090402775,4170.2809180897,4386.865730754398,3000.0,4199.324047324506,0.48980630406131737,34.286441284292216,0.0,4205.0650350993365,-3.719105805018882,-260.3374063513218,34.286441284292216,4167.803790554685,24.000499505770183,1680.0349654039128,-226.05096506702955
2.153334024067897e-06,2906.151507688555,4208.949907647707,4170.402323562402,4386.50182669738,3000.0,4199.313011626381,0.4875727113976635,34.13008979783645,0.0,4205.153407303493,-3.7085001368556956,-259.59500957989866,34.130089797836455,4167.199913633178,23.979152480376282,1678.5406736263396,-225.46491978206222
2.2375202410291343e-06,2904.3029576132058,4208.893910597217,4170.525717730456,4386.131266914965,3000.0,4199.301862380526,0.4853036648438455,33.97125653906919,0.0,4205.243008593202,-3.6977142211503233,-258.83999548052265,33.97125653906919,4166.585321211858,23.957431682115086,1677.0202177480562,-224.86873894145344
2.3249977816062296e-06,2902.421817525322,4208.837090324417,4170.651128970673,4385.753933772626,3000.0,4199.290599985981,0.48299869256056344,33.80990847923944,0.0,4205.333849494289,-3.686745267386188,-258.0721687170332,33.80990847923943,4165.959833407318,23.93533098572078,1675.4731690004546,-224.26226023779375
2.415895322577108e-06,2900.507548980503,4208.779438099286,4170.778585656671,4385.369707975033,3000.0,4199.279224988632,0.48065732523899946,33.64601276672996,0.0,4205.425940014954,-3.675590469141176,-257.29133283988233,33.64601276672997,4165.323268361763,23.91284420804863,1673.8990945634039,-223.6453200731524
2.510346571435331e-06,2898.5596078951826,4208.720945389578,4170.908116160486,4384.978468534123,3000.0,4199.267738082305,0.47827909609186503,33.47953672643056,0.0,4205.519289639349,-3.664247003645569,-256.49729025518985,33.47953672643056,4164.675442201957,23.889965106805008,1672.2975574763507,-223.01775352875933
2.6084904630697154e-06,2896.577444451183,4208.661603863636,4171.039748851444,4384.580092739617,3000.0,4199.256140110588,0.4758635409033759,33.31044786323631,0.0,4205.613907317391,-3.652712031523328,-255.68984220663296,33.31044786323631,4164.016169004895,23.866687379556975,1670.6681165689881,-222.37939434339665
2.7104713641332938e-06,2894.560503018825,4208.6014053948775,4171.173512092641,4384.174456131544,3000.0,4199.2444320693185,0.4734101981304167,33.13871386912917,0.0,4205.709801451249,-3.6409826966914283,-254.8687887684,33.13871386912917,4163.345260769227,23.84300466298119,1669.0103264086833,-221.73007489927085
2.816439285402229e-06,2892.508222096082,4208.540342067701,4171.30943423535,4383.761432474517,3000.0,4199.232615109613,0.47091860904808464,32.96430263336593,0.0,4205.806979878965,-3.629056126396281,-254.0339288477397,32.96430263336593,4162.662527391648,23.81891053232021,1667.3237372624149,-221.06962621437384
2.9265501024370636e-06,2890.4200342618574,4208.478406184684,4171.447543611545,4383.340893733471,3000.0,4199.2206905414,0.4683883179351345,32.78718225545942,0.0,4205.905449855457,-3.616929431372279,-253.18506019605957,32.78718225545942,4161.967776647634,23.79439850102184,1665.607895071529,-220.39787794060015
3.0409657848708864e-06,2888.2953661419265,4208.415590274901,4171.587868524748,4382.9127100507185,3000.0,4199.208659837363,0.4658188722951769,32.607321060662386,0.0,4206.005218031163,-3.604599706109895,-252.3219794276927,32.607321060662386,4161.2608141761,23.769462020542765,1663.8623414379936,-219.71465836703032
3.159854634661693e-06,2886.13363838637,4208.351887103292,4171.730437239295,4382.476749724176,3000.0,4199.196524637293,0.4632098231107903,32.424687617755325,0.0,4206.106290428517,-3.5920640292240935,-251.44448204568658,32.424687617755325,4160.541443467571,23.74409448030166,1662.0866136211162,-219.01979442793126
3.2833915336593993e-06,2883.934265657572,4208.287289680981,4171.875277968154,4382.032879186628,3000.0,4199.184286752774,0.4605607251281615,32.23925075897131,0.0,4206.208672416357,-3.579319463915498,-250.55236247408487,32.23925075897131,4159.809465855622,23.718289207769992,1660.2802445438995,-218.31311171511356
3.4117582008516807e-06,2881.6966566281353,4208.221791276479,4172.022418859357,4381.580962985964,3000.0,4199.171948172198,0.45787113717039846,32.05097960192789,0.0,4206.3123686824465,-3.5663630585186956,-249.64541409630868,32.05097960192789,4159.064680511338,23.69203946869212,1658.4427628084484,-217.59443449438078
3.545143459667024e-06,2879.420213988108,4208.155385427725,4172.171887981116,4381.120863766324,3000.0,4199.159511066073,0.4551406224781272,31.859843573468908,0.0,4206.417383204113,-3.553191847133099,-248.72342929931693,31.859843573468908,4158.306884440652,23.665338467427173,1656.573692719902,-216.86358572584803
3.683743515728196e-06,2877.104334461198,4208.088065954919,4172.3237133056655,4380.65244225009,3000.0,4199.146977792607,0.4523687490761912,31.665812435333383,0.0,4206.523719217144,-3.5398028503330843,-247.7861995233159,31.665812435333383,4157.535872484406,23.638179347408308,1654.6725543185817,-216.12038708798252
3.827762245464697e-06,2874.7484088296023,4208.0198269741195,4172.477922691855,4380.175557220706,3000.0,4199.134350903553,0.44955509016570183,31.468856311599133,0.0,4206.631379182936,-3.5261930759548203,-246.8335153168374,31.468856311599133,4156.751437321087,23.61055519171485,1652.7388634200395,-215.3646590052383
3.977411496008728e-06,2872.35182196727,4207.950662911555,4172.634543866536,4379.690065506287,3000.0,4199.1216331503,0.4466992245406689,31.26894571784683,0.0,4206.740364753964,-3.512359519957739,-245.86516639704175,31.26894571784683,4155.953369472099,23.582459023754712,1650.77213166283,-214.59622067919494
4.1329113968158275e-06,2869.913952881451,4207.880568518664,4172.793604404734,4379.195821964012,3000.0,4199.108827490182,0.44380073702889056,31.06605159202234,0.0,4206.8506767375875,-3.4982991673596473,-244.88094171517534,31.06605159202234,4155.141457309614,23.55388380805541,1648.7718665638786,-213.81489012315296
4.294490683468542e-06,2867.434174762442,4207.8095388878155,4172.95513170863,4378.692679465291,3000.0,4199.0959370930195,0.44085921895663804,30.860145326964663,0.0,4206.962315058203,-3.4840089932443368,-243.88062952710357,30.86014532696467,4154.315487066891,23.524822451162287,1646.73757158136,-213.0204842001389
4.462387034139446e-06,2864.911855041489,4207.737569468696,4173.119152985354,4378.180488881704,3000.0,4199.08296534786,0.43787426863701306,30.651198804590916,0.0,4207.07527871777,-3.4694859638413917,-242.86401746889743,30.651198804590916,4153.475242851125,23.495267802643585,1644.668746185051,-212.21281866430658
4.636847419208452e-06,2862.3463554568484,4207.664656085388,4173.2856952235725,4377.659099071719,3000.0,4199.069915869934,0.43484549188178573,30.439184431725003,0.0,4207.189565754702,-3.4547270376778947,-241.83089263745265,30.439184431725007,4152.620506658769,23.46521265620217,1642.5648859341518,-211.3917082057277
4.8181284645486465e-06,2859.737032128047,4207.590794954065,4173.454785168888,4377.128356868192,3000.0,4199.05679250777,0.4317725025366845,30.224075177567915,0.0,4207.305173201126,-3.4397291668022185,-240.78104167615533,30.224075177567922,4151.7510583933845,23.434649750894437,1640.4254825626108,-210.55696649858746
5.006496829015086e-06,2857.0832356384167,4207.515982701365,4173.6264492980135,4376.58810706668,3000.0,4199.043599350527,0.42865492304023267,30.005844612816286,0.0,4207.422097038505,-3.424489298080296,-239.71425086562073,30.005844612816286,4150.866675886019,23.403571772457322,1638.2500240720128,-209.70840625280445
5.202229596691785e-06,2854.3843111259675,4207.440216383385,4173.800713791744,4376.038192414556,3000.0,4199.030340735475,0.4254923850059739,29.784466950418174,0.0,4207.540332151626,-3.4090043745645224,-238.63030621951654,29.78446695041818,4149.9671349181435,23.37197135474403,1636.0379948320822,-208.84583926909838
5.4056146844738996e-06,2851.6395983827488,4207.363493505308,4173.977604506669,4375.478453600975,3000.0,4199.017021255648,0.4222845298284927,29.559917087994492,0.0,4207.659872280926,-3.3932713369364804,-237.52899358555365,29.559917087994492,4149.052209247204,23.339841081270478,1633.7888756889336,-207.96907649755914
5.616951265584654e-06,2848.8484319627796,4207.285812041666,4174.157146945655,4374.908729247694,3000.0,4199.003645767663,0.41903100931309484,29.33217065191664,0.0,4207.78070997316,-3.3772871250236607,-236.41009875165625,29.33217065191664,4148.121670634796,23.30717348687328,1631.5021440811295,-207.07792809973958
5.83655020964996e-06,2846.0101412987437,4207.207170457211,4174.3393662270355,4374.328855900781,3000.0,4198.990219399667,0.4157314863294618,29.101204043062328,0.0,4207.902836530385,-3.3610486793915135,-235.273407557406,29.101204043062328,4147.175288877545,23.27396105948165,1629.1772741637155,-206.17220351434364
6.064734539978107e-06,2843.124050827587,4207.127567728415,4174.52428705253,4373.738668023238,3000.0,4198.9767475594435,0.4123856354894148,28.86699448425904,0.0,4208.026241957264,-3.3445529430115823,-234.11870601081077,28.86699448425904,4146.212831840726,23.240196242004927,1626.813736940345,-205.25171152655173
6.301839908717132e-06,2840.1894801251656,4207.04700336557,4174.711933673834,4373.137997988576,3000.0,4198.963235942636,0.4089931438489798,28.629520069428587,0.0,4208.150914906651,-3.3277968630067485,-232.94578041047242,28.629520069428587,4145.234065494671,23.205871434337517,1624.4110004036265,-204.3162603410438
6.548215090588831e-06,2837.205744050168,4206.965477435499,4174.902329857897,4372.526676075358,3000.0,4198.9496905411,0.40555371163492354,28.38875981444465,0.0,4208.276842623461,-3.3107773924746966,-231.75441747322876,28.38875981444465,4144.23875395405,23.170978995483832,1621.9685296838682,-203.36565765878416
6.8042224959256715e-06,2834.1721528974567,4206.882990584858,4175.09549885082,4371.904530462753,3000.0,4198.9361176513485,0.4020670529960276,28.144693709721935,0.0,4208.404010886785,-3.2934914923907006,-230.54440446734907,28.144693709721928,4143.226659520051,23.13551124580508,1619.4857872063556,-202.3997107576271
7.070238703765272e-06,2831.0880125610574,4206.799544064037,4175.291463340401,4371.271387227151,3000.0,4198.922523883128,0.3985328967792802,27.89730277454962,0.0,4208.53240395027,-3.275936133590981,-229.31552935136872,27.897302774549615,4142.197542725557,23.09946046939068,1616.9622328573478,-201.41822657681905
7.346655015786613e-06,2827.9526247069684,4206.715139751643,4175.490245417262,4370.627070339839,3000.0,4198.908916168048,0.3949509873310853,27.64656911317598,0.0,4208.662004480715,-3.258108298837481,-228.06758091862372,27.64656911317598,4141.151162383358,23.062818916556168,1614.397324158932,-200.42101180544773
7.633878031902794e-06,2824.7652869560256,4206.629780179555,4175.691866534562,4369.971401665821,3000.0,4198.895301768307,0.3913210853238867,27.39247597267207,0.0,4208.79279349488,-3.240004984965731,-226.80034894760118,27.392475972672063,4140.087275637492,23.0255788064706,1611.790516452942,-199.40787297492918
7.932330248357018e-06,2821.525293077003,4206.54346855854,4175.896347466248,4369.3042009637875,3000.0,4198.881688285466,0.3876429686081708,27.13500780257196,0.0,4208.924750294487,-3.2216232051164644,-225.5136243581525,27.135007802571952,4139.005638017757,22.987732329915456,1609.141263094082,-198.37861655558058
8.242450679201681e-06,2818.2319331901585,4206.456208804435,4176.103708263851,4368.625285887291,3000.0,4198.868083669289,0.3839164330901079,26.874150316307556,0.0,4209.057852399419,-3.202959991052318,-224.20719937366226,26.874150316307556,4137.906003497481,22.94927165217763,1606.449015652434,-197.33304905735469
8.56469550207439e-06,2814.884493981494,4206.36800556486,4176.31396821177,4367.934471987172,3000.0,4198.854496226588,0.38014129363502047,26.609890554451436,0.0,4209.192075479075,-3.1840123955610156,-222.8808676892711,26.609890554451436,4136.788124554625,22.910188916079527,1603.7132241255667,-196.2709771348197
8.899538729221517e-06,2811.4822589278488,4206.278864246467,4176.527145781048,4367.2315727152645,3000.0,4198.840934630111,0.37631738499673945,26.342216949771764,0.0,4209.327393281892,-3.164777494945676,-221.53442464619735,26.342216949771764,4135.651752236266,22.870476245147856,1600.93333716035,-195.19220769642558
9.247472904755408e-06,2808.0245085331235,4206.188791042681,4176.7432585815895,4366.516399429448,3000.0,4198.827407927408,0.372444562772873,26.071119394101114,0.0,4209.463777563009,-3.1452523916035107,-220.16766741224575,26.071119394101114,4134.496636226561,22.830125746924377,1598.1088022847064,-194.09654801814466
9.609009829171903e-06,2804.5105205758096,4206.097792961969,4176.96232331283,4365.788761400071,3000.0,4198.813925549685,0.36852270438629087,25.79658930704036,0.0,4209.601198010071,-3.125434216694112,-218.7803951685878,25.79658930704036,4133.322524918242,22.789129516420743,1595.2390661494521,-192.98380586154747
9.984681312192979e-06,2800.9395703680325,4206.005877856557,4177.184355712805,4365.048465817802,3000.0,4198.800497320619,0.36455171009261417,25.518619706482994,0.0,4209.739622167178,-3.1053201328979463,-217.37240930285623,25.51861970648299,4132.129165487727,22.74747963971985,1592.3235747803894,-191.85378959637322
1.0375039955042616e-05,2797.310931026329,4205.913054451604,4177.4093705056,4364.295317802957,3000.0,4198.787133465103,0.3605315040138289,25.237205280968023,0.0,4209.879015356938,-3.0849073372661073,-215.94351360862748,25.237205280968023,4130.916303973897,22.705168197726053,1589.3617738408238,-190.70630832765949
1.0780659963306222e-05,2793.6238737543677,4205.819332374822,4177.637381347195,4363.529120416349,3000.0,4198.773844617915,0.35646203519806263,24.952342463864387,0.0,4210.019340600669,-3.064193064162308,-214.49351449136154,24.952342463864387,4129.683685360653,22.662187270066866,1586.353108904681,-189.54117202749714
1.1202137991569433e-05,2789.877668137793,4205.724722186485,4177.868400769624,4362.749674671712,3000.0,4198.76064183227,0.35234327870528453,24.66402950936992,0.0,4210.160558536714,-3.043174588297483,-213.02222118082383,24.664029509369918,4128.431053663259,22.618528939147865,1583.2970257403504,-188.35819167145394
1.16400940210787e-05,2786.0715824514064,4205.629235409823,4178.102440123492,4361.956779549738,3000.0,4198.74753658824,0.3481752367189579,24.372266570327056,0.0,4210.302627336887,-3.0218492278579605,-211.52944595005727,24.372266570327056,4127.158152018592,22.574185294363332,1580.1929706054334,-187.15717937973022
1.2095172271714669e-05,2782.2048839788613,4205.532884561754,4178.339509518781,4361.150232013798,3000.0,4198.734540801011,0.3439579396834456,24.077055777841196,0.0,4210.445502621048,-3.000214347727669,-210.01500434093685,24.0770557778412,4125.8647227793435,22.52914843646466,1577.0403905525263,-185.93794856309566
1.2568042149619875e-05,2778.2768393450715,4205.435683183934,4178.57961776396,4360.32982702738,3000.0,4198.72166682894,0.33969144746689406,23.778401322682587,0.0,4210.589137369829,-2.9782673628047043,-208.4787153963293,23.778401322682583,4124.550507612231,22.48341048208832,1573.8387337461825,-184.70031407364672
1.3059399231874623e-05,2774.286714861493,4205.337645874084,4178.822772303376,4359.495357573307,3000.0,4198.708927481407,0.3353758505494653,23.476309538462573,0.0,4210.733481835505,-2.9560057414128544,-206.9204018988998,23.476309538462566,4123.2152476003,22.436963568445478,1570.5874497911836,-183.44409236043725
1.3569966289669531e-05,2770.233776884431,4205.238788317542,4179.068979152887,4358.646614674775,3000.0,4198.696336026378,0.33101127123642676,23.170788986549876,0.0,4210.878483451032,-2.933427008807861,-205.3398906165503,23.170788986549873,4121.858683349353,22.389799858174513,1567.2859900722158,-182.16910163000037
1.4100494351479776e-05,2766.1172921865864,4205.139127319025,4179.318242833785,4357.78338741829,3000.0,4198.683906197715,0.32659786489586073,22.86185054271025,0.0,4211.02408673729,-2.910528750778959,-203.73701255452713,22.861850542710247,4120.48055509859,22.341911544358712,1563.93380810511,-180.87516201181688
1.4651763807804935e-05,2761.936528341895,4205.038680834519,4179.570566304915,4356.905462978516,3000.0,4198.671652202118,0.3221358212204839,22.549507485433875,0.0,4211.170233208512,-2.887308617345225,-202.11160321416577,22.549507485433875,4119.08060283549,22.293290855709706,1560.5303598996795,-179.5620957287319
1.5224585559099466e-05,2757.690754123891,4204.937468003282,4179.825950893058,4356.01262664513,3000.0,4198.659588725726,0.317625365513075,22.233775585915254,0.0,4211.316861275963,-2.86376432654678,-200.46350285827458,22.233775585915254,4117.658566414996,22.24393006191864,1557.0751043343048,-178.22972727235933
1.5819802208582388e-05,2753.379239917641,4204.835509179881,4180.08439622152,4355.104661851711,3000.0,4198.647730940291,0.3130667599949054,21.914673199643378,0.0,4211.463906149887,-2.8398936683302214,-198.7925567831155,21.914673199643378,4116.214185683059,22.193821479175607,1553.5675035422926,-176.8778835834721
1.6438289301680764e-05,2749.0012581453866,4204.732825966228,4180.345900136958,4354.181350206727,3000.0,4198.636094508911,0.3084603051365527,21.592221359558692,0.0,4211.611299739766,-2.8156945085278244,-197.09861559694772,21.592221359558692,4114.747200604563,22.14295747585832,1550.0070233100823,-175.50639423738903
1.7080956613930155e-05,2744.5560837059957,4204.6294412435245,4180.610458634399,4353.2424715266625,3000.0,4198.624695591243,0.30380634101032766,21.266443870722938,0.0,4211.758970552902,-2.7911647929297905,-195.38153550508534,21.266443870722934,4113.257351395691,22.091330478390862,1546.3931334873603,-174.11509163436241
1.7748749489226527e-05,2740.042994428284,4204.525379204088,4180.878065780493,4352.287803871369,3000.0,4198.613550848188,0.2991052486634917,20.93736740644442,0.0,4211.906843591414,-2.7663025514484656,-193.6411786013926,20.937367406444416,4111.744378660761,22.038932977272715,1542.7253084090903,-172.70381119494817
1.84426502303981e-05,2735.461271538262,4204.4206653829515,4181.148713634983,4351.31712358165,3000.0,4198.60267744596,0.2943574515114058,20.605021605798406,0.0,4212.054840247666,-2.7411059023734676,-191.87741316614276,20.605021605798402,4110.208023533554,21.98575753327822,1539.0030273294753,-171.27239156034435
1.916367954414267e-05,2730.8102001403563,4204.315326689201,4181.422392170399,4350.330205319172,3000.0,4198.5920930595,0.28956341674954594,20.269439172468218,0.0,4212.202878198191,-2.715573056716239,-190.09011397013674,20.269439172468214,4108.648027823167,21.931796783826382,1535.2257748678467,-169.82067479766852
1.9912898042455848e-05,2726.0890697126383,4204.209391436935,4181.699089189978,4349.326822108739,3000.0,4198.581815875195,0.2847236567832987,19.930655974830913,0.0,4212.350871296189,-2.689702322642484,-188.2791625849739,19.93065597483091,4107.064134164414,21.877043449520887,1531.3930414664621,-168.34850661014295
2.069140780275875e-05,2721.2971746160315,4204.102889375792,4181.978790243836,4348.306745382971,3000.0,4198.571864592803,0.27983873067444825,19.588711147211377,0.0,4212.498729462642,-2.6634921099906697,-186.44444769934688,19.588711147211374,4105.456086172774,21.821490340859302,1527.5043238601513,-166.8557365521355
2.1500353989020077e-05,2716.433814617512,4203.995851720945,4182.261478543397,4347.269745029471,3000.0,4198.562258426558,0.27490924560290025,19.24364719220302,0.0,4212.646358576142,-2.636940934874365,-184.58586544120556,19.24364719220302,4103.823628603914,21.765130365110835,1523.5591255577585,-165.34221824900257
2.2340926536257175e-05,2711.498295427211,4203.888311182472,4182.547134874093,4346.215589440493,3000.0,4198.553017105377,0.2699358583423623,18.895510083965362,0.0,4212.793660361504,-2.610047424366082,-182.70331970562574,18.895510083965362,4102.166507517759,21.70795653336094,1519.556957335266,-163.80780962166037
2.32143619008939e-05,2706.4899292494056,4203.780301994001,4182.835737506366,4345.144045565197,3000.0,4198.544160872092,0.2649192767484624,18.544349372392368,0.0,4212.940532277255,-2.582810321260145,-180.79672248821015,18.544349372392368,4100.484470447132,21.649961967721723,1515.4973377405206,-162.25237311581776
2.4121944879550126e-05,2701.408035347269,4203.671859940543,4183.12726210499,4344.054878964525,3000.0,4198.535710481655,0.25986026125754524,18.190218288028166,0.0,4213.086867402098,-2.555228488911288,-178.86599422379018,18.190218288028166,4098.777266570937,21.591139908705664,1511.3797936093965,-160.675775935762
2.5065010498938116e-05,2696.251940621252,4203.563022385371,4183.421681636748,4342.94785386873,3000.0,4198.527687198215,0.25475962639470656,17.83317384762946,0.0,4213.232554320431,-2.5273009161463045,-176.91106413024133,17.83317384762946,4097.044646891851,21.531483722760537,1507.2038605932378,-159.07789028261183
2.604494597964585e-05,2691.0209802009863,4203.453828295869,4183.718966276478,4341.822733237649,3000.0,4198.520112791021,0.24961824228878862,17.473276960215202,0.0,4213.377477007074,-2.499026722244572,-174.93187055712002,17.473276960215205,4095.286364418518,21.47098690996283,1502.969083697398,-157.4585935969048
2.7063192776695965e-05,2685.714498050481,4203.344318268201,4184.0190833115685,4340.679278823726,3000.0,4198.513009529043,0.24443703619273602,17.110592533491523,0.0,4213.521514711291,-2.470405161984092,-172.92836133888645,17.110592533491523,4093.5021743521897,21.40964311186622,1498.6750178306354,-155.8177688053949
2.812124869988179e-05,2680.331847586454,4203.234534550694,4184.3219970448845,4339.517251237852,3000.0,4198.506400174241,0.23921699400695523,16.745189580486866,0.0,4213.664541840222,-2.44143563074874,-170.90049415241182,16.745189580486866,4091.691834277777,21.34744611950217,1494.321228365152,-154.15530457192497
2.922067011699986e-05,2674.8723923095076,4203.124521065783,4184.627668696221,4338.3364100180515,3000.0,4198.500307973392,0.23395916180353735,16.377141326247614,0.0,4213.806427841898,-2.4121176696920394,-168.84823687844275,16.377141326247614,4089.855104359235,21.284389881527837,1489.9072917069489,-152.47109555219515
3.0363074243218592e-05,2669.3355064479238,4203.014323430405,4184.936056302308,4337.136513701083,3000.0,4198.494756648381,0.22866464734886596,16.00652531442062,0.0,4213.9470370879535,-2.382450970952737,-166.77156796669158,16.00652531442062,4087.991747539248,21.22046851251761,1485.4327958762328,-150.76504265227092
3.155014151995304e-05,2663.720575613719,4202.903988974673,4185.247114615431,4335.917319896951,3000.0,4198.489770384862,0.2233346216222387,15.63342351355671,0.0,4214.08622875619,-2.3524353829169464,-164.67047680418625,15.63342351355671,4086.101529743094,21.1556763013927,1480.897341097489,-149.03705329062956
3.278361808674165e-05,2658.026997470667,4202.793566758699,4185.560795000723,4334.678585366424,3000.0,4198.485373819205,0.21797032032769503,15.257922422938652,0.0,4214.223856713162,-2.3220709155212447,-162.54496408648714,15.257922422938652,4084.1842200866554,21.090007719984026,1476.300540398882,-147.28704166354845
3.4065318349764986e-05,2652.254182413879,4202.683107587393,4185.8770453322,4333.420066101537,3000.0,4198.481592023595,0.21257304539626568,14.880113177738597,0.0,4214.359769396939,-2.291357745590616,-160.39504219134315,14.880113177738597,4082.239591088417,21.023457431722058,1471.642020220544,-145.51492901360453
3.5397127650780496e-05,2646.401554260509,4202.572664023091,4186.195809887598,4332.141517409157,3000.0,4198.478450489219,0.20714416647580153,14.500091653306109,0.0,4214.493809700241,-2.260296222205087,-158.2207355543561,14.500091653306105,4080.267418885394,20.956020300447204,1466.9214210313044,-143.72064390105
3.678100504040346e-05,2640.4685509511696,4202.4622903958325,4186.517029242104,4330.842693997619,3000.0,4198.4759751074,0.20168512240512865,14.117958568359006,0.0,4214.625814854119,-2.228886872088084,-156.02208104616588,14.117958568359008,4078.2674834528348,20.887691399334166,1462.1383979533916,-141.9041224778069
3.821898615980919e-05,2634.45462526154,4202.352042811106,4186.840640161049,4329.523350066466,3000.0,4198.474192148592,0.1961974226693985,13.733819586857896,0.0,4214.755616312375,-2.197130405009566,-153.7991283506696,13.733819586857896,4076.2395688275865,20.818466019922596,1457.2926213945818,-140.06530876381174
3.971318623509995e-05,2628.3592455235944,4202.241979154901,4187.166575491653,4328.183239399331,3000.0,4198.4731282390885,0.19068264883312494,13.347785418318747,0.0,4214.8830396369485,-2.1650277191960194,-151.55194034372136,13.347785418318749,4074.1834633349604,20.748339681245714,1452.3837776871999,-138.20415492540263
4.126580318873637e-05,2622.1818963559463,4202.132159095853,4187.49476405392,4326.822115459957,3000.0,4198.47281033537,0.1851424559474363,12.959971916320542,0.0,4215.0079043844635,-2.1325799067397355,-149.2805934717815,12.959971916320542,4072.0989598189517,20.677308139049057,1447.4115697334341,-136.32062155546092
4.2879120872615194e-05,2615.922079402603,4202.022644084312,4187.82513053078,4325.439731491415,3000.0,4198.4732656959295,0.17957857392777926,12.570500174944549,0.0,4215.130023994173,-2.099788258998551,-146.98517812989857,12.570500174944549,4069.985855875644,20.605367395089363,1442.3757176562553,-134.41467795495404
4.455551242754438e-05,2609.579314079538,4201.913497348098,4188.157595357564,4324.035840618492,3000.0,4198.474521850464,0.17399280889827481,12.179496622879238,0.0,4215.24920567753,-2.06665427197769,-144.6657990384383,12.179496622879238,4067.8439540895993,20.532513706504687,1437.2759594553281,-132.48630241555907
4.6297443774060875e-05,2603.1531383283013,4201.8047838847815,4188.492074610965,4322.610195953302,3000.0,4198.476606566327,0.1683870444985354,11.787093114897479,0.0,4215.36525030964,-2.0331796516837124,-142.3225756178599,11.787093114897479,4065.6730622730524,20.458743595244474,1432.112051667113,-130.53548250296242
4.810747723972393e-05,2596.6431093759797,4201.6965704502345,4188.828479897543,4321.162550704097,3000.0,4198.479547812061,0.16276324314908333,11.393427020435835,0.0,4215.477952322835,-1.999366319441883,-139.95564236093185,11.393427020435835,4063.4729937076954,20.384053857549798,1426.883770028486,-128.56221534049598
4.9988275328220336e-05,2590.0488045006437,4201.5889255432585,4189.16671824196,4319.692658287317,3000.0,4198.483373717933,0.15712344727063735,10.998641308944615,0.0,4215.58709960265,-1.9652164171657385,-137.56514920160168,10.998641308944615,4061.243567388816,20.308441573471125,1421.5909101429788,-126.56650789265706
5.194260463582568e-05,2583.369821801479,4201.481919386046,4189.50669197501,4318.200272442845,3000.0,4198.488112533287,0.15146978045319004,10.602884631723304,0.0,4215.692473386451,-1.9307323125692364,-135.15126187984657,10.602884631723304,4058.9846082715685,20.23190411641232,1416.2332881488626,-124.54837724812327
5.3973339920982495e-05,2576.6057809726944,4201.375623900262,4189.848298621633,4316.68514735249,3000.0,4198.493792580605,0.1458044485700005,10.206311399900036,0.0,4215.7938481650335,-1.8959166043099793,-132.71416230169856,10.206311399900036,4056.69594751911,20.154439162687797,1410.8107413881457,-122.50785090179853
5.608346833298179e-05,2569.756324080252,4201.270112678496,4190.191430789017,4315.14703776169,3000.0,4198.500442206126,0.1401297408317821,9.809081858224747,0.0,4215.8909915874465,-1.8607721270521793,-130.25404889365254,9.809081858224747,4054.3774227523436,20.076044701079336,1405.3231290755537,-120.44496703542778
5.827609380596797e-05,2562.821116340456,4201.165460950846,4190.535976054954,4313.58569910441,3000.0,4198.508089726873,0.1344480307762301,9.411362154336109,0.0,4215.983664369372,-1.82530195643772,-127.77113695064041,9.411362154336109,4052.0288783009823,19.996719042379027,1399.7703329665321,-118.35977479630431
6.0554441624730685e-05,2555.799846899362,4201.061745546391,4190.881816856587,4312.0008876312295,3000.0,4198.51676337394,0.12876177718786155,9.013324403150309,0.0,4216.071620205345,-1.7895094139530854,-125.26565897671595,9.013324403150309,4049.650165455646,19.916460828903524,1394.1522580232465,-116.25233457356566
6.292186316899985e-05,2548.692229611904,4200.959044849302,4191.228830379733,4310.392360540595,3000.0,4198.526491231909,0.12307352494282132,8.615146745997494,0.0,4216.154605685165,-1.7533980716791573,-122.73786501754103,8.615146745997494,4047.241142720662,19.83526904396422,1388.4688330774957,-114.12271827154353
6.538184084322235e-05,2541.498003819668,4200.85743874933,4191.576888448909,4308.75987611322,3000.0,4198.537301174225,0.11738590577363045,8.217013404154132,0.0,4216.232360214776,-1.7169717569115954,-120.18802298381169,8.217013404154132,4044.8016760672817,19.753143021278454,1382.7200114894918,-111.97100957965758
6.793799319907212e-05,2534.2169351260754,4200.75700858642,4191.925857418261,4307.103193849586,3000.0,4198.549220794381,0.11170163894818069,7.819114726372649,0.0,4216.304615942014,-1.6802345566375945,-117.6164189646316,7.81911472637265,4042.3316391869303,19.670082454304236,1376.9057718012966,-109.79730423825895
7.059408025822863e-05,2526.8488161678188,4200.657837089181,4192.275598063568,4305.42207461052,3000.0,4198.562277332778,0.10602353185758877,7.421647230031214,0.0,4216.3710976875,-1.6431908218558888,-115.02335752991222,7.421647230031214,4039.830913744173,19.586087405482722,1371.0261183837904,-107.60171029988102
7.335400904325341e-05,2519.393467381272,4200.560008306966,4192.62596547548,4303.716280760817,3000.0,4198.576497599095,0.10035448050730687,7.0248136355114825,0.0,4216.431522881071,-1.605845171725685,-112.40916202079796,7.0248136355114825,4037.2993896290245,19.50115831537032,1365.0810820759225,-105.38434838528647
7.622183932470035e-05,2511.8507377625538,4200.463607535259,4192.976808954206,4301.985576315822,3000.0,4198.591907889996,0.09469746990561179,6.628822893392824,0.0,4216.485601504083,-1.568202497530011,-109.77417482710077,6.628822893392824,4034.7369652082016,19.415296011642635,1359.0707208149847,-103.14535193370793
7.920178959291357e-05,2504.2205056199537,4200.36872123415,4193.327971905824,4300.229727090969,3000.0,4198.608533902068,0.08905557434380895,6.233890204066627,0.0,4216.533036037948,-1.5302679664389809,-107.11875765072865,6.233890204066628,4032.1435475749627,19.32850171795198,1352.9951202566388,-100.88486744666203
8.229824326329737e-05,2496.502679317296,4200.275436939582,4193.67929174041,4298.448500854175,3000.0,4198.626400639789,0.08343195756226211,5.840237029358349,0.0,4216.5735214192655,-1.4920470250579867,-104.44329175405909,5.840237029358349,4029.5190527971004,19.240777062619266,1346.8543943833488,-98.60305472470074
8.551575512418559e-05,2488.697198006838,4200.183843167134,4194.030599772201,4296.641667481057,3000.0,4198.645532318401,0.07782987279611794,5.448091095728256,0.0,4216.606745001948,-1.4535454027451897,-101.7481781921633,5.448091095728256,4026.863406162687,19.15212408714077,1340.6486860998539,-96.30008709643504
8.885905803679574e-05,2480.8040323502705,4200.094029308052,4194.381721121977,4294.808999112868,3000.0,4198.665952261534,0.07225266269503983,5.0576863886527885,0.0,4216.63238652666,-1.4147691146834716,-99.03383802784302,5.057686388652788,4024.1765424231357,19.062545254490363,1334.3781678143255,-93.9761516391902
9.233306989712243e-05,2472.8231852263048,4200.006085517278,4194.732474621877,4292.95027031711,3000.0,4198.6876827934275,0.06670375911071116,4.669263137749781,0.0,4216.650118097986,-1.375724464690734,-96.30071252835138,4.669263137749781,4021.4584060331485,18.972043457196484,1328.043042003754,-91.63144939060159
9.594290087001155e-05,2464.7546924233447,4199.9201025931825,4195.082672722884,4291.065258250707,3000.0,4198.710745125608,0.06118668274612617,4.283067792228832,0.0,4216.659604169691,-1.3364180477528464,-93.54926334269925,4.283067792228832,4018.708951387091,18.88062202517347,1321.6435417621428,-89.26619555047043
9.969386090605591e-05,2456.5986233157037,4199.836171848781,4195.432121405138,4289.1537428256715,3000.0,4198.735159237871,0.05570504266070944,3.899352986249661,0.0,4216.660501538449,-1.2968567522634789,-90.77997265844353,3.899352986249662,4015.9281430513415,18.78828473328637,1315.1799313300457,-86.88061967219386
0.0001035914675523696,2448.3550815217836,4199.754384974139,4195.78062009136,4287.215506877152,3000.0,4198.760943753445,0.05026253562519814,3.51837749376387,0.0,4216.652459346419,-1.2570477619546605,-87.99334333682624,3.51837749376387,4013.1159559921493,18.695035808627914,1308.6525066039542,-84.47496584306238
0.00010764145406873078,2440.0242055426284,4199.67483388972,4196.127961563558,4285.25033633377,3000.0,4198.788115808179,0.04486294532027715,3.1404061724194006,0.0,4216.63511909303,-1.2169985575020545,-85.18989902514383,3.1404061724194006,4010.2723757985136,18.600879937486262,1302.0615956240385,-82.04949285272441
0.00011184977786103042,2431.6061693792553,4199.597610590458,4196.473931883259,4283.258020390124,3000.0,4198.816690913658,0.03951014137317278,2.765709896122095,0.0,4216.608114656375,-1.1767169177890762,-82.37018424523534,2.765709896122095,4007.3973988996254,18.505822271982012,1295.4075590387408,-79.60447434911323
0.00011622262924443382,2423.1011831271207,4199.522806980277,4196.818310315475,4281.238351681352,3000.0,4198.846682814076,0.03420807822626992,2.3945654758388946,0.0,4216.571072324542,-1.136210920813743,-79.53476445696201,2.3945654758388946,4004.4910327763523,18.409868436352617,1288.6907905446835,-77.1401989811231
0.00012076644054914427,2414.509493546082,4199.450514696841,4197.160869256641,4279.191126459615,3000.0,4198.878103336791,0.02896079383204827,2.027255568243379,0.0,4216.523610837284,-1.095488944222445,-76.68422609557116,2.027255568243379,4001.5532961662984,18.31302453286241,1281.9117173003688,-74.65697052732776
0.0001254878955821634,2405.8313846042374,4199.380824926324,4197.50137416673,4277.1161447724,3000.0,4198.910962236426,0.02377240816871999,1.6640685718103996,0.0,4216.46534143835,-1.0545596654549687,-73.81917658184781,1.6640685718103991,3998.5842192619325,18.215297147316516,1275.070800312156,-72.1551080100374
0.00013039393945896602,2397.06717799397,4199.313828207974,4197.839583505776,4275.013210642462,3000.0,4198.945267032424,0.018647121571197384,1.305298509983817,0.0,4216.395867938849,-1.0134320614854506,-70.94024430398154,1.305298509983817,3995.583843901288,18.116693354156897,1268.1685347909827,-69.63494579399773
0.0001354917888195522,2388.217233618573,4199.249614228279,4198.175248675023,4272.88213224929,3000.0,4198.981022839965,0.01358921287191995,0.9512449010343965,0.0,4216.3147867919615,-0.9721154081437313,-68.0480785700612,0.9512449010343965,3992.5522237507294,18.017220721118765,1261.2054504783134,-67.09683366902681
0.0001407889424439029,2379.281950047806,4199.188271604542,4198.508113962908,4270.722722111939,3000.0,4199.018232194134,0.008603037346648534,0.6022126142653973,0.0,4216.221687179349,-0.930619279002631,-65.14334953018417,0.6022126142653974,3989.4894244792863,17.916887313426024,1254.1821119398217,-64.54113691591877
0.00014629319228245553,2370.261764940752,4199.129887657712,4198.837916496112,4268.534797273056,3000.0,4199.056894867312,0.0036930244602722422,0.25851171221905694,0.0,4216.116151109547,-0.8889535438165037,-62.22674806715527,0.25851171221905694,3986.3955239240645,17.815701697504462,1247.0991188253122,-61.968236354936224
0.0001520126349178237,2361.157155434419,4199.0745481743,4199.16438619586,4266.318179483955,3000.0,4199.09700767969,-0.0011363245920036952,-0.07954272144025866,0.0,4215.997753528663,-0.847128366497172,-59.29898565480205,-0.07954272144025866,3983.2706122462337,17.71367294419217,1239.9571060934518,-59.37852837624231
0.00015795568347462197,2351.9686384964107,4199.02233715724,4199.487245739703,4264.072695390536,3000.0,4199.138564302856,-0.005880439552370027,-0.41163076866590187,0.0,4215.866062443643,-0.8051542026136426,-56.36079418295498,-0.41163076866590187,3980.1147920770873,17.610810631426087,1232.7567441998262,-56.77242495162088
0.00016413107999491386,2342.6967712402047,4198.973336565606,4199.80621052897,4261.798176719913,3000.0,4199.181555056446,-0.010534683981013905,-0.7374278786709735,0.0,4215.720639058388,-0.7630417964030511,-53.41292574821359,-0.7374278786709734,3976.928178653723,17.50712484638553,1225.4987392469868,-54.15035362688456
0.00017054790829748766,2333.3421512014434,4198.927626043043,4200.1209886620745,4259.494460467504,3000.0,4199.225966697801,-0.01509435835340216,-1.0566050847381514,0.0,4215.561037922947,-0.7208021772802725,-50.45615240961909,-1.0566050847381514,3973.710899943827,17.402626187072553,1218.1838330950789,-51.51275749435724
0.00017721560733987497,2323.905416573807,4198.885282634897,4200.431280913883,4257.16138908445,3000.0,4199.271782204643,-0.019554703377347722,-1.3688292364143406,0.0,4215.386807096018,-0.678446655835228,-47.49126590846597,-1.3688292364143408,3970.463096759128,17.297325763311196,1210.8128034317838,-48.860095144880304
0.00018414398510276762,2314.387246403001,4198.846380493919,4200.7367807213095,4254.798810665119,3000.0,4199.318980550767,-0.02391090353303901,-1.6737632473127306,0.0,4215.197488320957,-0.6359868193067633,-44.519077351473435,-1.6737632473127306,3967.1849228570486,17.191235197146952,1203.3864638002867,-46.19284059878616
0.00019134323301725636,2304.78836073748,4198.810990574596,4201.037174175308,4252.406579134496,3000.0,4199.367536474774,-0.02815809083821919,-1.9710663586753434,0.0,4214.99261721546,-0.5934345265238055,-41.54041685666638,-1.9710663586753434,3963.8765450301103,17.08436662262974,1195.9056635840818,-43.51148321534172
0.00019882394095611304,2295.1095207346007,4198.779180316044,4201.332140019425,4249.984554435265,3000.0,4199.41742024189,-0.032291348840747025,-2.2603944188522918,0.0,4214.771723475076,-0.550801902304788,-38.55613316133516,-2.2603944188522918,3960.5381431826772,16.976732684964112,1188.3712879474879,-40.816527580187454
0.0002065971128111693,2285.351528720902,4198.751013313539,4201.621349655072,4247.532602714328,3000.0,4199.468597398923,-0.03630571683992371,-2.54140017879466,0.0,4214.534331090652,-0.5081013313076432,-35.56709319153503,-2.54140017879466,3957.169910394608,16.86834653901115,1180.7842577307806,-38.10849337032969
0.0002146741826797026,2275.515228205367,4198.726548978718,4201.9044671536285,4245.050596508564,3000.0,4199.521028522445,-0.040196194337680714,-2.81373360363765,0.0,4214.2799585798175,-0.4653454513237905,-32.57418159266534,-2.81373360363765,3953.772052971436,16.759221847128376,1173.1455292989865,-35.387915196303
0.00022306703168364326,2265.6015038445175,4198.7058421885495,4202.181149275537,4242.538414929572,3000.0,4199.574668960296,-0.04395774571999273,-3.0770422003994913,0.0,4214.00811923254,-0.4225471460106109,-29.578300220742765,-3.0770422003994913,3950.344790480703,16.6493727763343,1165.456094343401,-32.65534242114226
0.00023178800544634002,2255.611281358323,4198.6889429232115,4202.451045496479,4239.9959438471715,3000.0,4199.629468566528,-0.04758530516841705,-3.330971361789194,0.0,4213.718321370787,-0.37971953705827965,-26.58036759407958,-3.330971361789193,3946.88835577409,16.53881399478615,1157.7169796350304,-29.911338955868764
0.00024084993225259328,2245.545527395979,4198.675895893004,4202.713798040739,4237.423076071404,3000.0,4199.685371429938,-0.05107378180101395,-3.5751647260709767,0.0,4213.410068622272,-0.3368759757880232,-23.581318305161624,-3.5751647260709767,3943.402994995018,16.427560667560318,1149.9292467292223,-27.156483031232604
0.0002502661419186682,2235.4052493506897,4198.666740154526,4202.969041921835,4234.8197115327885,3000.0,4199.742315596353,-0.05441806504125626,-3.8092645528879383,0.0,4213.082860208228,-0.2940300341802601,-20.582102392618207,-3.8092645528879383,3939.8889675714145,16.315628451726443,1142.093991620851,-24.391366945506146
0.0002600504854000456,2225.1914951227413,4198.661508716319,4203.216404990502,4232.185757460578,3000.0,4199.800232784865,-0.057613030212836265,-4.032912114898538,0.0,4212.736191245112,-0.2511954953328251,-17.583684673297757,-4.032912114898538,3936.34654619338,16.2030334907081,1134.212344349567,-21.616596788196297
0.00027021735516575223,2214.905352830172,4198.66022813426,4203.455507990054,4229.521128558727,3000.0,4199.859048098208,-0.06065354435769327,-4.245748105038529,0.0,4212.369553060119,-0.20838634335043463,-14.587044034530424,-4.245748105038529,3932.776016775484,16.089792407923643,1126.285468554655,-18.83279213956895
0.00028078170636924133,2204.547950466561,4198.662918097024,4203.685964619184,4226.825747179342,3000.0,4199.918679727563,-0.0635344722737045,-4.447413059159315,0.0,4211.982433520304,-0.1656167526688183,-11.593172686817283,-4.447413059159315,3929.1776784035064,15.975922299703672,1118.314560979257,-16.040585745976596
0.0002917590788469643,2194.120455505453,4198.669591001936,4203.9073816022055,4224.099543493303,3000.0,4199.9790386520035,-0.06625068276795934,-4.637547793757154,0.0,4211.574317375115,-0.12290107681780789,-8.603075377246553,-4.637547793757154,3925.5518432653903,15.861440727481861,1110.3008509237302,-13.240623171003707
0.00030316561997699334,2183.6240744512033,4198.680251521641,4204.119358766746,4221.342455657788,3000.0,4200.040028332917,-0.06879705512048352,-4.815793858433847,0.0,4211.14468661206,-0.08025383663028085,-5.617768564119659,-4.815793858433847,3921.898836566311,15.746365709259356,1102.2455996481551,-10.433562422553507
0.0003150181084313189,2173.060052335989,4198.694896161997,4204.321489128853,4218.55442998043,3000.0,4200.101544403711,-0.07116848575281656,-4.98179400269716,0.0,4210.693020825174,-0.037689707904646666,-2.6382795533252668,-4.98179400269716,3918.218996427684,15.630715710343098,1094.1500997240169,-7.620073556022425
0.0003273339788567617,2162.429672163003,4198.713512811694,4204.513358985508,4215.735421079781,3000.0,4200.163474355148,-0.07335989509479197,-5.1351926566354384,0.0,4210.218797595982,0.004776491468985805,0.33435440282900636,-5.135192656635438,3914.512673770066,15.514509633361541,1086.015674335308,-4.800838253806432
0.000340131347520803,2151.734254295892,4198.736080284094,4204.6945480144495,4212.885392041834,3000.0,4200.225697216682,-0.0753662346422518,-5.275636424957626,0.0,4209.721492886473,0.04712981490727335,3.299087043509134,-5.275636424957626,3910.78023217989,15.397766807562776,1077.8436765293943,-1.9765493814484918
0.0003534290389600581,2140.9751557946684,4198.762567851896,4204.864629381262,4210.00431457226,3000.0,4200.288083234237,-0.07718249419740092,-5.402774593818065,0.0,4209.200581443693,0.08935520104314972,6.254864073020481,-5.402774593818064,3907.022047760012,15.280506977401881,1069.6354884181317,0.8520894792024161
0.00036724661367059215,2130.15376969847,4198.792934775209,4205.023169853599,4207.092169144084,3000.0,4200.350493544806,-0.07880370928287579,-5.516259649801307,0.0,4208.655537215415,0.13143748813095435,9.200624169166806,-5.516259649801306,3903.2385089641107,15.162750290426708,1061.3925203298695,3.6843645193655004
0.0003816043968808097,2119.2715242556446,4198.827129823704,4205.169729922461,4204.148945140487,3000.0,4200.412779848393,-0.08022496871965061,-5.615747810375543,0.0,4208.085833776346,0.17336142892989329,12.13530002509253,-5.6157478103755425,3899.4300164150004,15.044517284472935,1053.1162099131054,6.519552214716988
0.0003965235084492415,2108.329882101836,4198.865090793559,4205.303863930337,4201.174640992408,3000.0,4200.474784077754,-0.08144142235803997,-5.700899565062798,0.0,4207.490944764244,0.21511170604643834,15.057819423250685,-5.700899565062798,3895.5969827069525,14.92582887418186,1044.8080211927302,9.356919858187887
0.00041202589393121,2097.330339386832,4198.906744019933,4205.4251202061,4198.1692643106535,3000.0,4200.536338066475,-0.0824482889502377,-5.771380226516639,0.0,4206.870344325322,0.2566729477145791,17.96710634002054,-5.77138022651664,3891.7398321921846,14.806706336855887,1036.469443579912,12.195726113503898
0.00042813435686006525,2086.274424851117,4198.952003885777,4205.533041206429,4195.132832012186,3000.0,4200.59726321594,-0.08324086415217415,-5.826860490652191,0.0,4206.223507568194,0.29802974399109955,20.862082079376968,-5.826860490652191,3887.859000751691,14.687171297669053,1028.1019908368337,15.035221588724774
0.0004448725922904849,2075.163698853196,4199.000772327811,4205.627163663588,4192.065370440251,3000.0,4200.657370161756,-0.0838145286411971,-5.867017004883797,0.0,4205.549911025643,0.33916666334050466,23.741666433835327,-5.867017004883798,3883.954935550631,14.56724571425209,1019.7071999976464,17.87464942895153
0.00046226522165317125,2063.9997523488955,4199.052938340587,4205.707018739328,4188.966915478064,3000.0,4200.716458440273,-0.08416475633576663,-5.891532943503664,0.0,4204.8490331233825,0.3800682695832268,26.604778870825875,-5.891532943503664,3880.028094778545,14.446951860673222,1011.2866302471255,20.713245927322212
0.00048033782897222106,2052.784205824013,4199.108377479514,4205.772132184656,4185.837512655681,3000.0,4200.7743161558,-0.08428712270227391,-5.900098589159173,0.0,4204.120354654981,0.42071913917826537,29.450339742478576,-5.900098589159173,3876.078947374703,14.326312310838386,1002.8418617586871,23.550241153319405
0.0004991169984984395,2041.5187081817737,4199.166951363879,4205.82202450523,4182.677217249756,3000.0,4200.830719649217,-0.08417731313321733,-5.892411919325213,0.0,4203.363359262036,0.4611038788098563,32.277271516689936,-5.892411919325213,3872.1079727389047,14.20534992133603,994.3744944935221,26.384859597364727
0.0005186303538139576,2030.2049355867334,4199.228507180828,4205.856211132094,4179.486094375842,3000.0,4200.885433168644,-0.08383113138059067,-5.868179196641347,0.0,4202.577533918664,0.5012071432461788,35.084500027232515,-5.868179196641347,3868.1156604281227,14.084087813753934,985.8861469627756,29.216320830591165
0.0005389065984656737,2018.8445902668943,4199.292877191401,4205.874202597442,4176.264219072916,3000.0,4200.9382085429115,-0.08324450802707459,-5.827115561895221,0.0,4201.762369419331,0.5410136534359375,37.87095574051563,-5.827115561895221,3864.1025098394034,13.962549356497524,977.3784549548268,32.043840178620414
0.0005599755581872905,2007.4393992758594,4199.3598782396875,4205.875504715104,4173.011676379766,3000.0,4200.988784858541,-0.08241350897745561,-5.768945628421892,0.0,4200.917360868979,0.5805082148078253,40.63557503654778,-5.768945628421893,3860.069029879447,13.840758146140054,968.8530702298038,34.86662940812588
0.000581868224772054,1995.9911132170794,4199.429311266257,4205.859618765438,4169.728561402949,3000.0,4201.036888141052,-0.08133434395157114,-5.693404076609981,0.0,4200.042008174407,0.6196757357354497,43.377301501481476,-5.693404076609981,3856.0157386213764,13.718737988338114,960.3116591836682,37.68389742487149
0.0006046168016607299,1984.5015049322626,4199.500960827004,4205.8260416842395,4166.414979375945,3000.0,4201.082231041312,-0.080003374959814,-5.600236247186979,0.0,4199.135816535783,0.6585012461296353,46.09508722907447,-5.600236247186979,3851.9431629491933,13.596512878346338,951.7559014842439,40.494850981887495
0.0006282547513118772,1972.972368156185,4199.574594618628,4205.774266255358,4163.071045709205,3000.0,4201.124512527811,-0.07841712474137111,-5.489198731895978,0.0,4198.198296937186,0.6969699161181476,48.78789412827034,-5.489198731895978,3847.851838190461,13.4741069811674,943.1874886817182,43.29869539637435
0.0006528168444240985,1961.4055161401973,4199.649963011964,4205.703781306614,4159.696886030734,3000.0,4201.163417585626,-0.07657228514500863,-5.360059960150604,0.0,4197.228966634969,0.7350670747719542,51.45469523403679,-5.360059960150604,3843.7423077377857,13.351544611374461,934.6081227962125,46.09463527388618
0.0006783392110826698,1949.8027802468619,4199.726798594413,4205.614071908629,4156.292636216905,3000.0,4201.198616922967,-0.07446572543169301,-5.212600780218511,0.0,4196.227349642805,0.7727782288358126,54.09447601850689,-5.212600780218511,3839.615122659708,13.228850212644895,926.0195148851426,48.88187523828837
0.0007048593939057874,1938.1660085181911,4199.804815722762,4205.50461957621,4152.8584424131495,3000.0,4201.229766686124,-0.07209450047790743,-5.04661503345352,0.0,4195.192977212169,0.8100890814202509,56.70623569941757,-5.04661503345352,3835.4708413016083,13.106048337044736,917.4233835931315,51.65962066596405
0.0007324164032686079,1926.4970642200628,4199.883710087688,4205.374902471844,4149.394461044215,3000.0,4201.256508183727,-0.0694558588580816,-4.861910120065713,0.0,4194.125388307015,0.8469855506106968,59.288988542748776,-4.861910120065713,3831.31002887727,12.983163624104975,908.8214536873484,54.42707842268306
0.0007610507746863123,1914.7978243654425,4199.963158291247,4205.2243956109205,4145.900858813656,3000.0,4201.278467621165,-0.06654725078445024,-4.6583075549115165,0.0,4193.024130071441,0.8834537879493685,61.84176515645579,-4.6583075549115165,3827.1332570517734,12.8602207797311,900.2154545811769,57.18345760154428
0.0007908046284406046,1903.0701782191004,4200.042817438697,4205.052571068257,4142.377812692245,3000.0,4201.295255846087,-0.0633663358822422,-4.435643511756955,0.0,4191.888758289034,0.9194801967444916,64.3636137721144,-4.435643511756956,3822.941103516399,12.737244554988468,891.6071188491927,59.92797026035745
0.0008217217315373568,1891.3160257865377,4200.122324745982,4204.858898185521,4138.825509894996,3000.0,4201.306468105867,-0.0599109907780228,-4.193769354461597,0.0,4190.718837832659,0.9550514501612736,66.85360151128916,-4.193769354461597,3818.734151556216,12.614259724806303,882.9981807364413,62.659832156827555
0.0008538475620865268,1879.5372762899242,4200.201297164215,4204.642843779119,4135.244147846472,3000.0,4201.311683817941,-0.056179316478960066,-3.9325521535272054,0.0,4189.513943103409,0.9901545090486759,69.3108156334073,-3.9325521535272054,3814.5129896110775,12.49129106664403,874.390374665082,65.3782634798801
0.0008872293761990657,1867.7358466337955,4200.2793310225225,4204.40387234815,4131.633934134093,3000.0,4201.31046635393,-0.05216964552065015,-3.6518751864455106,0.0,4188.2736584574495,1.0247766394559148,71.73436476191404,-3.65187518644551,3810.2782108307274,12.368363339163272,865.7854337414292,68.08248957546853
0.0009219162774992064,1855.9136598633122,4200.356001690575,4204.141446282001,4127.995086449156,3000.0,4201.302362838432,-0.047880548861443696,-3.3516384203010596,0.0,4186.997578619503,1.058905429793106,74.12338008551741,-3.3516384203010587,3806.030412624731,12.245501260949139,857.1850882664397,70.77174166521635
0.0009579592893543878,1844.072643617926,4200.430863262142,4203.85502606718,4124.327832515258,3000.0,4201.2869039634015,-0.04331084250116255,-3.0317589750813787,0.0,4185.6853090817185,1.092528807590021,76.47701653130147,-3.031758975081379,3801.7701962079636,12.122729489324898,848.5910642527429,73.4452575562201
0.0009954114299290627,1832.214728583183,4200.503448261005,4203.544070492988,4120.6324100038755,3000.0,4201.263603819001,-0.0384595938023722,-2.6921715661660537,0.0,4184.336466486701,1.1256350558079882,78.79445390655917,-2.6921715661660537,3797.4981661423594,12.000072599302833,840.0050819511983,76.10228234039313
0.0010343277901727912,1820.341846943473,4200.573267370515,4203.208036855638,4116.909066436819,3000.0,4201.231959741795,-0.03332612749286585,-2.33282892450061,0.0,4182.950678993495,1.1582128286604332,81.07489800623033,-2.33282892450061,3793.2149298756435,11.87755506271438,831.4288543900068,78.74206908172971
0.0010747656148573364,1808.455930838425,4200.639809188098,4202.846381160439,4113.158059075319,3000.0,4201.191452181183,-0.02791003132822066,-1.9537021929754463,0.0,4181.52758662533,1.1902511668982687,83.3175816828788,-1.9537021929754463,3788.92109727776,11.755201227561558,822.8640859293092,81.36387948990335
0.0011167843867819676,1796.558910825692,4200.702540005949,4202.4585583216785,4109.379654795521,3000.0,4201.141544584882,-0.022211161393914755,-1.554781297574033,0.0,4180.0668415980035,1.2217395125172266,85.52176587620588,-1.554781297574033,3784.6172801756975,11.633035297631633,814.3124708342142,83.96698457863185
0.0011604459142708328,1784.6527143527003,4200.760903619159,4202.04402235986,4105.574129950136,3000.0,4201.081683304334,-0.01622964702702329,-1.1360752918916301,0.0,4178.56810862778,1.2526677228458183,87.68674059920728,-1.1360752918916301,3780.3040918873894,11.51108131241478,805.7756918690345,86.55066530731565
0.0012058144220911066,1772.7392642399898,4200.814321162441,4201.602226595947,4101.74177021609,3000.0,4201.011297520818,-0.009965895338323942,-0.697612673682676,0.0,4177.031065217737,1.28302608397362,89.8118258781534,-0.6976126736826761,3775.982146755386,11.38936312736463,797.2554189155242,89.11421320447073
0.0012529566459256519,1760.8204771785915,4200.862190976641,4201.132623842318,4097.882870427943,3000.0,4200.92979919306,-0.0034205953161109332,-0.23944167212776532,0.0,4175.455401921563,1.3128053234811317,91.89637264367921,-0.23944167212776532,3771.652059680931,11.267904394539205,788.7533076177443,91.65693097155145
0.001301941930539162,1748.8982622439053,4200.903888506078,4200.634666590117,4093.9977343969504,3000.0,4200.836583027088,0.003405278505705575,0.23836949539939023,0.0,4173.840822583846,1.3419966224343929,93.93976357040751,0.23836949539939023,3767.314445659109,11.146728543659224,780.2709980561457,94.17813306580689
0.0013528423317821817,1736.9745194283735,4200.938766227849,4200.107807192759,4090.086674715605,3000.0,4200.731026469076,0.010510462832187532,0.7357323982531272,0.0,4172.187044555925,1.3705916266090545,95.94141386263382,0.7357323982531272,3762.9699193156716,11.025858763618567,771.8101134532998,96.67714626088694
0.0014057327225830518,1725.0511381951655,4200.9661536140065,4199.551498045307,4086.1500125475527,3000.0,4200.6124897218315,0.017893402860172717,1.2525382002120904,0.0,4170.493798886518,1.3985824569110752,97.90077198377526,1.2525382002120904,3758.619094446137,10.905317984479934,763.3722589135954,99.15331018398734
0.0014606909030836894,1713.1299960550166,4200.985357127616,4198.965191759542,4082.1880774027813,3000.0,4200.480315785598,0.025552250014012023,1.7886575009808414,0.0,4168.760830486314,1.4259617189629819,99.81732032740874,1.7886575009808419,3754.2625835577433,10.785128859987411,754.9590201991188,101.60597782838956
0.0015177977150812097,1701.2129571681742,4200.995660253528,4198.348341334506,4078.2012068980393,3000.0,4200.333830523772,0.03348486017762239,2.3439402124335675,0.0,4166.987898265878,1.4527225118274187,101.69057582791932,2.3439402124335675,3749.900997414807,10.665313750624774,746.5719625437342,104.03451604035288
0.0015771371609437288,1689.3018709733992,4200.996323564672,4197.7004003223665,4074.1897465024304,3000.0,4200.172342754096,0.04168879243516928,2.9182154704618495,0.0,4165.17477524623,1.4788584358415204,103.52009050890645,2.918215470461849,3745.5349445880074,10.545894707247589,738.2126295073313,106.4383059793683
0.0016387965271752673,1677.3985708457012,4200.986584824625,4197.020822989469,4070.154049268191,3000.0,4199.9951443658365,0.05016130833117569,3.5112915831822984,0.0,4163.3212486415705,1.5043635995391145,105.30545196773802,3.5112915831822984,3741.1650310080827,10.426893455313289,729.8825418719302,108.81674355092031
0.001702866512811527,1665.5048727845003,4200.96565912708,4196.309064472483,4066.09447554669,3000.0,4199.8015104634305,0.05889937165963516,4.122956016174461,0.0,4161.4271199137365,1.5292326256396727,107.04628379477711,4.122956016174461,3736.791859524418,10.308331379732836,721.5831965812986,111.16923981095157
0.0017694413628353786,1653.6225741336748,4200.932739072795,4195.564580929568,4062.011392689713,3000.0,4199.590699536989,0.06789964879024592,4.7529754153172155,0.0,4159.492204797991,1.5534606560862478,108.74224592603736,4.752975415317215,3732.416029468971,10.19022951036404,713.3160657254829,113.49522134135458
0.001838619006808346,1641.7534523348636,4200.886994984534,4194.786829686523,4057.9051747361364,3000.0,4199.361953660031,0.07715850953830904,5.401095667681632,0.0,4157.516333299921,1.5770433561174333,110.39303492822032,5.401095667681633,3728.0381362259136,10.072608508164711,705.0825955715299,115.79413059590195
0.0019105012029219863,1629.8992637152724,4200.827575160358,4193.975269377931,4053.7762020841424,3000.0,4199.114498714751,0.08667202858342,6.0670420008394,0.0,4155.499349663271,1.5999769173611875,111.99838421528314,6.0670420008394,3723.6587708074253,9.955488652021621,696.8842056415136,118.06542621612255
0.001985193687681064,1618.0617423110582,4200.753606165622,4193.12936008332,4049.6248611491637,3000.0,4198.847544645047,0.09643598744047173,6.7505191208330215,0.0,4153.441112308629,1.62225805994168,113.55806419591761,6.7505191208330215,3719.278519435946,9.838889826268263,688.7222878387785,120.30858331675061
0.002062806331438709,1606.2425987272527,4200.664193163869,4192.248563458415,4045.4515440077766,3000.0,4198.560285737505,0.10644587698481668,7.4512113889371685,0.0,4151.341493743029,1.6438840335933307,115.07188235153316,7.4512113889371685,3714.8979631332395,9.72283150890223,680.598205623156,122.52309374047033
0.00214345330001233,1594.4435190350914,4200.558420286738,4191.332342861588,4041.2566480278424,3000.0,4198.25190093045,0.11669690053182308,8.168783037227616,0.0,4149.200380440576,1.6648526177792495,116.53968324454746,8.168783037227616,3710.517677316584,9.60733276051101,672.5132932357707,124.70846628177507
0.0022272532226180345,1582.6661637074108,4200.435351042949,4190.380163475631,4037.040575485202,3000.0,4197.92155415112,0.1271839774695039,8.902878422865273,0.0,4147.0176726943655,1.685162120814653,117.96134845702574,8.902878422865273,3706.138231402346,9.492412213911633,664.4688549738144,126.86422687989098
0.0023143293663705575,1570.9121665927019,4200.294028766253,4189.39149242505,4032.803733167302,3000.0,4197.568394680952,0.1379017474409711,9.653122320867979,0.0,4144.793284440012,1.7048113779989849,119.33679645992895,9.653122320867979,3701.760188417203,9.378088064507912,656.4661645155539,128.98991878079693
0.0024048098176054156,1559.1831339283315,4200.133477102191,4188.365798889053,4028.5465319641767,3000.0,4197.191557548907,0.14884457507214227,10.41912025504996,0.0,4142.527143051265,1.7237997487632069,120.66598241342449,10.419120255049958,3697.384104617263,9.264378061367019,648.5064642956913,131.08510266847446
0.002498827670289965,1547.4806433931985,4199.9527005334085,4187.302554210501,4024.269386447261,3000.0,4196.790163952682,0.16000655523800877,11.200458866660615,0.0,4140.219189108237,1.7421271128427815,121.94889789899472,11.200458866660615,3693.01052911528,9.151299499013485,640.590964930944,133.14935676565537
0.0025965212218005507,1535.8062432001313,4199.750684943118,4186.201232001078,4019.972714436554,3000.0,4196.3633217076085,0.17138151885953112,11.99670632016718,0.0,4137.869376138928,1.7597938654888985,123.18557058422289,11.996706320167178,3688.640003516173,9.038869209938223,632.7208446956756,135.18227690439008
0.0026980341763537022,1524.161451228142,4199.526398216276,4185.061308243001,4015.6569365567225,3000.0,4195.910125722958,0.1829630392211726,12.807412745482083,0.0,4135.477670334793,1.7768009117344883,124.37606382141418,12.807412745482083,3684.2730615610412,8.92710355781678,624.8972490471747,137.18347656689625
0.0028035158563906237,1512.547754194577,4199.278790877876,4183.882261387576,4011.322475782775,3000.0,4195.429658505302,0.1947444387976892,13.632110715838246,0.0,4133.044050241226,1.7931496597339798,125.5204761813786,13.632110715838243,3679.91022877983,8.816018431429596,617.1212902000716,139.15258689721685
0.0029131214222259255,1500.9666068671518,4199.006796767702,4182.663572451006,4006.969756975985,3000.0,4194.920990688528,0.20671879657717396,14.470315760402176,0.0,4130.568506423902,1.8088420131987513,126.6189409239126,14.470315760402176,3675.552022152827,8.705629239275158,609.3940467492611,141.08925668431476
0.0030270121002836867,1489.4194313157334,4198.709333750769,4181.404725107794,4002.5992064108254,3000.0,4194.383181590025,0.2188789558655301,15.321526910587107,0.0,4128.051041112065,1.823880362953425,127.67162540673978,15.32152691058711,3671.198949781122,8.595950904864853,601.7165633405398,142.99315231732686
0.0031453554202565746,1477.9076162036988,4198.3853044625985,4180.105205782216,3998.211251293704,3000.0,4193.815279792502,0.2312175325562925,16.185227278940477,0.0,4125.491667819898,1.8382675776404123,128.67873043482885,16.185227278940477,3666.851510566213,8.486997862686858,594.0898503880801,144.86395771376937
0.0032683254615368806,1466.432516118648,4198.033597088371,4178.764503738258,3993.8063192743507,3000.0,4193.216323750843,0.24372692384814446,17.060884669370115,0.0,4122.890410947224,1.8520069936027794,129.6404895521946,17.060884669370115,3662.510193898866,8.378784054825132,586.5148838377593,146.7013742215647
0.0033961031092819777,1454.9954509421436,4197.6530861749025,4177.382111168508,3989.384837950759,3000.0,4192.585342423305,0.25639931739092503,17.94795221736475,0.0,4120.247305360874,1.8651024039783606,130.55716827848525,17.947952217364755,3658.1754793573914,8.271322928217455,578.9926049752219,148.50512049585
0.003528876320490817,1443.597705258197,4197.242633474335,4175.957523282504,3984.9472343686703,3000.0,4191.921355926377,0.2692267008397252,18.845869058780764,0.0,4117.56239595813,1.8775580470398519,131.42906329278964,18.845869058780764,3653.847836415501,8.164627432536117,571.5239202775282,150.2749323515704
0.003666840400482916,1432.240527800112,4196.801088818306,4174.49023839501,3980.493934516581,3000.0,4191.2233762124815,0.2822008717952522,19.75406102566766,0.0,4114.835737213755,1.889378593818155,132.25650156727087,19.754061025667657,3649.5277241598687,8.058710018673107,564.1097013071175,152.01056259293853
0.003810198290186493,1420.9251309353172,4196.327291021321,4172.979758014774,3976.02536281735,3000.0,4190.490407769685,0.2953134481075761,20.671941367530327,0.0,4112.067392712144,1.9005691350479603,133.03983945335722,20.671941367530327,3645.2155910175734,7.953582637811015,556.7507846467711,153.71178082088755
0.00395916086465834,1409.6526901877917,4195.820068811959,4171.425586934309,3971.5419416175273,3000.0,4189.721448342546,0.30855587851901134,21.598911496330793,0.0,4109.257434666289,1.9111351674768156,133.7794617233771,21.59891149633079,3640.91187449358,7.849256741059828,549.4479718741879,155.3783732197079
0.0041139472432745626,1398.4243437977004,4195.2782417904555,4169.827233321216,3967.0440906755525,3000.0,4188.915489673145,0.32191945362101254,22.53436175347088,0.0,4106.405943425181,1.9210825795801385,134.4757805706097,22.53436175347088,3636.617000918452,7.745743279639566,542.2020295747697,157.01014232408056
0.004274785112048459,1387.2411923178176,4194.700621411202,4168.184208811667,3962.532226650027,3000.0,4188.0715182613185,0.3353953170990582,23.477672196934076,0.0,4103.5130069714905,1.9304176367263717,135.12923457084602,23.477672196934076,3632.331385206467,7.643052705587554,535.0136893911288,158.60690676778012
0.004441911058549655,1376.1042982463923,4194.086011988555,4166.496028606568,3958.006762589312,3000.0,4187.188516143058,0.3489744772383698,24.428213406685884,0.0,4100.57872041126,1.9391469658378009,135.74028760864607,24.428213406685884,3628.0554306243494,7.541194972969487,527.8836481078641,160.16850101533197
0.004615570919917169,1365.014685696065,4193.433211724373,4164.762211571009,3953.4681074237324,3000.0,4186.265461686032,0.36264781866283263,25.385347306398288,0.0,4097.6031854575085,1.9472775395935817,136.30942777155073,25.385347306398288,3623.789528570843,7.44017953957262,520.8125677700834,161.694775077949
0.004796020144478288,1353.9733400985026,4192.741013755604,4162.982280337586,3948.9166654616956,3000.0,4185.3013304011,0.37640611427875215,26.34842799951265,0.0,4094.5865099096045,1.9548166602223807,136.83716621556664,26.34842799951265,3619.5340583673355,7.340015369059601,513.801075834172,163.1855942150793
0.0049835241675052246,1342.9812079444534,4192.008207220226,4161.155761414161,3944.3528358910908,3000.0,4184.29509576871,0.39024003739437735,27.316802617606417,0.0,4091.5288071303607,1.9617719429329898,137.3240360053093,27.316802617606417,3615.289387059816,7.240710933561585,506.849765349311,164.6408386229157
0.00517835880166226,1332.0391965589101,4191.2335783397875,4159.2821852966545,3939.7770122873253,3000.0,4183.245730079005,0.4041401739859422,28.289812179015954,0.0,4088.430195522755,1.9681512990316055,137.7705909322124,28.28981217901596,3611.0558692323966,7.142274216688952,499.95919516822664,166.06040311122834
0.0053808106427177035,1321.1481739111948,4190.415911516815,4157.361086587459,3935.189582129412,3000.0,4182.152205284476,0.41809703508046614,29.266792455632633,0.0,4085.2907980082687,1.9739629187747363,138.17740431423155,29.266792455632633,3606.833846832714,7.0447127169390455,493.12989018573325,167.44419676986422
0.005591177491117478,1310.3089684597126,4189.5539904452535,4155.392004120034,3930.590926325502,3000.0,4181.0134938639485,0.4321010692254203,30.247074845779423,0.0,4082.1107415087913,1.9792152540071728,138.5450677805021,30.247074845779423,3602.6236490094707,6.94803345147964,486.36234160357475,168.79214262628153
0.005809768790040437,1299.5223690312616,4188.64659923217,4153.374481090259,3925.981418749319,3000.0,4179.828569696692,0.44614267501517013,31.22998725106191,0.0,4078.890156434068,1.9839170006340427,138.874190044383,31.22998725106191,3598.4255919624748,6.852242960288369,479.6570072201859,170.1041772954449
0.006036906080579783,1288.7891247347518,4187.6925235288945,4151.308065195105,3921.361425788889,3000.0,4178.596408945447,0.46021221364436066,32.21485495510525,0.0,4075.629176176657,1.9880770809758999,139.165395668313,32.21485495510525,3594.239978805453,6.757347310627966,473.01431174395765,171.38025062341828
0.0062729234747201535,1278.1099449092926,4186.690551669783,4149.192308779173,3916.7313059090407,3000.0,4177.3159909471315,0.47430002145822736,33.20100150207592,0.0,4072.327936616334,1.9917046260553968,139.4193238238778,33.20100150207592,3590.06709944202,6.663352101838464,466.4346471286926,172.6203253259537
0.006518168146806088,1267.4854991066054,4185.63947581681,4147.026768989624,3912.0914092290836,3000.0,4175.986299110013,0.4883964224702387,34.187749572916715,0.0,4068.9865756358954,1.9948089578634753,139.63662705044328,34.18774957291671,3585.9072304551355,6.570262470427752,459.91837292994273,173.82437662336002
0.006773000844224861,1256.9164171077919,4184.538093108165,4144.8110079400385,3907.4420771170862,3000.0,4174.6063218161335,0.5024917408178962,35.17442185725273,0.0,4065.605232650237,1.9973995716520636,139.81797001564445,35.174421857252725,3581.7606350104024,6.478083095442838,453.4658166809987,174.99239187289717
0.007037796418054785,1246.4032889744992,4183.385206809126,4142.544592883692,3902.783641802177,3000.0,4173.175053327768,0.5165763131277586,36.1603419189431,0.0,4062.184048150595,1.999486118299637,139.96402828097462,36.160341918943104,3577.6275627735927,6.386818204104741,447.07727428733193,176.1243701999177
0.007312944374459666,1235.9466651345856,4182.1796274634025,4140.227096396727,3898.1164260062274,3000.0,4171.691494696734,0.5306405007615203,37.14483505330642,0.0,4058.7231632657645,2.001078386794645,140.07548707562515,37.14483505330641,3573.5082498427582,6.296471577690872,440.7530104383612,177.22032212893154
0.007598849447640412,1225.5470565024093,4180.920174043281,4137.858096571707,3893.4407425962936,3000.0,4170.154654675387,0.5446747019156222,38.127229134093554,0.0,4055.2227193420667,2.0021862868804914,140.1530400816344,38.127229134093554,3569.4029186953,6.207046557649667,434.4932590354767,178.28026921572794
0.007895932195186625,1215.204934633882,4179.605675096869,4135.437177221962,3888.7568942591283,3000.0,4168.563550628142,0.5586693635474653,39.10685544832258,0.0,4051.6828575438003,2.0028198319048682,140.19738823334077,39.10685544832258,3565.3117781503825,6.118546051932538,428.2982236352776,179.30424368166334
0.008204629616703912,1204.9207319164857,4178.234969890802,4132.963928097156,3884.065173199041,3000.0,4166.91720944239,0.5726149931024951,40.08304951717466,0.0,4048.103718475804,2.002989121913798,140.2092385339659,40.08304951717466,3561.235023347047,6.0309725415300335,422.1680779071023,180.29228805114053
0.008525395796626888,1194.694841794402,4176.806909546849,4130.437945110475,3879.365860860359,3000.0,4165.214668437756,0.5865021700169966,41.05515190118976,0.0,4044.485441829759,2.0027043270301954,140.1893028921137,41.05515190118976,3557.172835738398,5.944328087198537,416.1029661038976,181.24445479330345
0.008858702572163455,1184.5276190289949,4175.320358170864,4127.858830577782,3874.6592276756423,3000.0,4163.454976272594,0.6003215569728794,42.02250898810155,0.0,4040.828166055707,2.0019756711538665,140.13829698077066,42.02250898810155,3553.1253831022027,5.858614336366074,410.1030035456252,182.1608059688722
0.009205040227352853,1174.4193799948198,4173.774193972636,4125.226193469076,3869.945532840809,3000.0,4161.6371938467455,0.6140639108814774,42.98447376170342,0.0,4037.1320280602295,2.000813416018977,140.05693912132838,42.98447376170342,3549.092819568253,5.773832530205402,404.16827711437816,183.0414128830318
0.009564918214258433,1164.3704030113804,4172.167310375228,4122.5396496725725,3865.2250241182182,3000.0,4159.760395199564,0.6277200935749561,43.94040655024693,0.0,4033.3971629326566,1.9992278456421955,139.9459491949537,43.94040655024692,3545.0752856628137,5.689983510864137,398.29884576048954,183.8863557452006
0.009938865902356013,1154.3809287107815,4170.498617112469,4119.798822271667,3860.4979376686942,3000.0,4157.823668402269,0.6412810821848164,44.88967575293715,0.0,4029.623703700522,1.997229251193477,139.8060475835434,44.88967575293716,3541.0729083704355,5.6070677288415744,392.4947410189102,184.69572333648057
0.010327433357220129,1144.4511604415015,4168.767041313342,4117.00334183502,3855.7644979134316,3000.0,4155.826116443762,0.6547379791886836,45.83165854320786,0.0,4025.811781115462,1.9948279163184675,139.63795414229273,45.83165854320785,3537.0858012134404,5.525085250503574,386.7559675352502,185.4696126855006
0.010731192149653642,1134.5812647083555,4166.971528572089,4114.152846719993,3851.024917426597,3000.0,4153.766858109065,0.6680820221076641,46.76574154753649,0.0,4021.961523470597,1.9920341029401185,139.44238720580833,46.765741547536486,3533.1140643492963,5.444035765726184,381.0825036008329,186.20812875334482
0.011150736196450807,1124.771371648814,4165.111044002915,4111.246983389579,3846.279396859406,3000.0,4151.645028849582,0.6813045928381058,47.69132149866741,0.0,4018.0730564503683,1.9888580375643352,139.22006262950347,47.69132149866741,3529.157784686135,5.3639185956605155,375.4743016962361,186.9113841281709
0.01158668263403068,1115.0215755456943,4163.184573278287,4108.285406742991,3841.528124896324,3000.0,4149.459781644463,0.6943972266031033,48.60780586221723,0.0,4014.1465030136756,1.985309898112383,138.9716928678668,48.607805862217226,3525.217036016558,5.284732700610902,369.9312890427631,187.57949873008405
0.012039672726225846,1105.3319353762784,4161.191123649873,4105.267780459998,3836.771278243983,3000.0,4147.210287852405,0.7073516205105798,49.514613435740586,0.0,4010.181983311057,1.9813998013003438,138.6979860910241,49.514613435740586,3521.2918791699162,5.206476688019636,364.4533681613745,188.21259952676468
0.012510372807561851,1095.7024753977475,4159.129724951255,4102.193777359085,3832.009021653276,3000.0,4144.895738053213,0.7201596417061087,50.411174919427616,0.0,4006.1796146365477,1.9771377905840999,138.399645340887,50.411174919427616,3517.3823621831375,5.129148820550844,359.04041743855913,188.8108202603146
0.012999475263414821,1086.1331857689029,4156.999430581684,4099.063079769445,3827.2415079750363,3000.0,4142.515342878623,0.7328133351105887,51.296933457741204,0.0,4002.1395114147244,1.972533824685041,138.0773677279529,51.29693345774121,3513.4885204901916,5.052747024267963,353.6922916987574,189.3743011856941
0.013507699548489124,1076.6240232079408,4154.79931847012,4095.875379916816,3822.4688782495637,3000.0,4140.068333831794,0.745304930734048,52.17134515138336,0.0,3998.061785223351,1.9675977667102642,137.7318436697185,52.17134515138335,3509.6103771301987,4.977268896898121,348.40882278286847,189.90318882110185
0.014035793245113155,1067.1749116860342,4152.528492019038,4092.63038032309,3817.6912618301862,3000.0,4137.553964095051,0.757626850558608,53.033879539102564,0.0,3993.94654485189,1.9623393738783288,137.36375617148303,53.033879539102564,3505.747942974162,4.902711716177594,343.1898201324315,190.3976357105856
0.01458453316291,1057.7857431564041,4150.186081027395,4089.3277942196232,3812.908776540933,3000.0,4134.971509325452,0.7697717149851895,53.884020048963265,0.0,3989.7938963960646,1.9567682878592414,136.97378015014692,53.88402004896326,3501.9012169702405,4.829072448272741,338.0350713790919,190.8578001991102
0.015154726481460557,1048.4563783184374,4147.771242592369,4085.967345974096,3808.1215288682843,3000.0,4132.3202684378,0.7817323488399655,54.72126441879759,0.0,3985.6039433885067,1.9508940257353746,136.56258180147623,54.72126441879759,3498.0701864074435,4.756347756270641,332.9443429389449,191.2838462202738
0.01574721193763994,1039.1866474163483,4145.283161989495,4082.5487715307618,3803.329614186862,3000.0,4129.599564374812,0.79350178693829,55.545125085680304,0.0,3981.3767869654207,1.944725971587508,136.13081801112557,55.545125085680304,3494.254827197563,4.684534008733831,327.91738061136823,191.67594309680587
0.01636286105937366,1029.9763510717803,4142.721053530894,4079.071818863867,3798.533117018823,3000.0,4126.808744864137,0.8050732792050239,56.355129544351676,0.0,3977.112526069092,1.9382733687082765,135.67913580957932,56.355129544351676,3490.4551041751083,4.613627288313703,322.9539101819592,192.034265353931
0.017002579447628497,1020.8252611496398,4140.0841614014,4075.536248443976,3793.7321113266,3000.0,4123.947183162044,0.816440295351955,57.15082067463685,0.0,3972.8112576859203,1.9315453124430055,135.2081718710104,57.150820674636854,3486.670971414973,4.543623400416752,318.05363802917265,192.35899254564723
0.017667308108523697,1011.7331216563605,4137.371760472431,4071.9418337169163,3788.9266608385374,3000.0,4121.014278783552,0.8275965291141872,57.93175703799311,0.0,3968.473077119565,1.9245507436559686,134.7185520559178,57.93175703799311,3482.9023725674706,4.474517881918133,313.21625173426935,192.6503090939109
0.01835802483752213,1002.6996496697086,4134.5831570935015,4068.2883615949654,3784.116819406866,3000.0,4118.009458218868,0.8385359020488243,58.697513143417716,0.0,3964.098078298672,1.9172984428181155,134.2108909972681,58.697513143417716,3479.1492412103676,4.406306009916692,308.44142069416847,192.9084041406858
0.019075745657737384,993.7245362991188,4131.717689861398,4064.5756329599362,3779.3026313973533,3000.0,4114.932175636033,0.8492525669005846,59.44767968304092,0.0,3959.6863541185594,1.9097970247104687,133.68579172973284,59.44767968304092,3475.4115012174548,4.338982810525508,303.7287967367856,193.13347141277376
0.019821526314472607,984.8074476754731,4128.774730366988,4060.8034631776713,3774.4841321098706,3000.0,4111.781913569659,0.8597409105403073,60.18186373782151,0.0,3955.2379968160626,1.9020549337353039,133.14384536147128,60.18186373782152,3471.6890671431606,4.2725430676920535,299.07801473844376,193.32570909929282
0.020596463828189453,975.9480259690961,4125.753683919785,4056.9716826235126,3769.6613482290127,3000.0,4108.558183595716,0.869995556483266,60.89968895382862,0.0,3950.7530983767515,1.8940804398261892,132.58563078783325,60.89968895382862,3467.9818446226454,4.206981332041231,294.48869324288614,193.4853197416619
0.021401698108191508,967.1458904347253,4122.653990250382,4053.0801372181904,3764.8342983038306,3000.0,4105.260526992334,0.8800113669956108,61.60079568969276,0.0,3946.2317509735044,1.8858816349453944,132.01171444617762,61.60079568969277,3464.2897307867893,4.142291929735604,289.9604350814923,193.6125101358704
0.022238413629395895,958.4006384820095,4119.475124190886,4049.128688973563,3760.002993255616,3000.0,4101.888515386555,0.8897834447981614,62.2848411358713,0.0,3941.6740474354146,1.8774664301564403,131.42265011095083,62.2848411358713,3460.6126146914003,4.078468971345466,285.4928279941826,193.70749124682212
0.023107841174659548,949.7118467700856,4116.216596333574,4045.1172165475996,3755.167436912617,3000.0,4098.44175138708,0.8993071343776959,62.951499406438714,0.0,3937.080081745867,1.8688425532578274,130.81897872804794,62.95149940643872,3456.950377759959,4.01550636072223,281.0854452505561,193.77047813448667
0.024011259645223028,941.079072324668,4112.877953667964,4041.0456158079296,3750.327626570474,3000.0,4094.9198692029554,0.9085780229168914,63.600461604182414,0.0,3932.449949568548,1.8600175469625444,130.20122828737811,63.600461604182414,3453.3028942391443,3.9533978038681914,276.73784627077345,193.8016898915605
0.024949997941934955,932.5018536759773,4109.458780196518,4036.913800403236,3745.4835535770603,3000.0,4091.3225352481977,0.9175919408547909,64.23143585983537,0.0,3927.7837488000514,1.8509987676070514,129.56991373249363,64.23143585983537,3449.670031666348,3.8921368177951376,272.4495772456596,193.801349592329
0.025925436920024466,923.9797120157831,4105.958697529243,4032.7217023417543,3740.6352039403846,3000.0,4087.649448732371,0.926344962090467,64.8441473463327,0.0,3923.0815801476674,1.8417933843720407,128.92553690604285,64.8441473463327,3446.0516513483485,3.831716739364514,268.220171755516,193.76968425237558
0.02693901142029681,915.5121523717733,4102.3773654574015,4028.469272576043,3735.7825589580966,3000.0,4083.900342237062,0.9348334038430959,65.43833826901673,0.0,3918.3435477308767,1.8324083789964414,128.2685865297509,65.43833826901673,3442.4476088502793,3.7721307341017,264.04915138711897,193.70692479876766
0.02799221237974018,907.0986647973501,4098.714482506584,4024.1564815931893,3730.925595867104,3000.0,4080.0749822782354,0.943053826182346,66.01376783276422,0.0,3913.5697597049702,1.8228505459651838,127.59953821756288,66.01376783276422,3438.8577544939835,3.713371804976399,259.936026348348,193.61330605032708
0.029086589024648262,898.7387255749247,4094.9697864693658,4019.7833200095283,3726.064288511725,3000.0,4076.1731698544063,0.9510030312433119,66.57021218703183,0.0,3908.7603289051585,1.8131264931505038,126.91885452053528,66.57021218703183,3435.2819338648105,3.655432801141361,255.8802960798953,193.4890667075671
0.030223751149484578,890.4317984307174,4091.143054917752,4015.3497991689364,3721.198608028763,3000.0,4072.194740980548,0.9586780621407028,67.10746434984921,0.0,3903.9153735094847,1.803242642885877,126.22698500201138,67.10746434984921,3431.719988325894,3.5983064266214013,251.88144986349812,193.33444935186057
0.031405371484840745,882.1773357590426,4087.234105695607,4010.855951743692,3716.328523547847,3000.0,4068.1395672076283,0.9660762015972558,67.62533411180792,0.0,3899.0350177187734,1.7932052334509787,125.52436634156851,67.62533411180792,3428.17175553892,3.541985248944927,247.9389674261449,193.14970045337643
0.03263318815797185,873.9747798539368,4083.242797391203,4006.3018323368656,3711.4540029052982,3000.0,4064.0075561276185,0.9731949703015607,68.12364792110925,0.0,3894.119392451805,1.7830203209459303,124.81142246621515,68.12364792110925,3424.6370699903587,3.486461707709199,244.05231953964395,192.9350703873244
0.033909007249528306,865.8235641460724,4079.169029790027,4001.687518085124,3706.5750133697893,3000.0,4059.7986518638013,0.9800321250106528,68.60224875074569,0.0,3889.168636053839,1.7726937815322417,124.08856470725692,68.60224875074569,3421.115763522126,3.431728123071908,240.22096861503357,192.69081345800262
0.03523470545024505,857.7231144427656,4075.012744307905,3997.013109260842,3701.6915223780156,3000.0,4055.5128355461393,0.9865856564126796,69.06099594888758,0.0,3884.1828950166046,1.7622313140180872,123.35619198126612,69.06099594888758,3417.6076658656298,3.377776704160415,236.4443692912291,192.4171879301537
0.03661223282149607,849.6728501689151,4070.773924404484,3992.278729872307,3696.8034982785507,3000.0,4051.15012577144,0.9928537867650618,69.49976507355433,0.0,3879.1623247077787,1.7516384427650231,122.61469099355162,69.49976507355433,3414.1126051781234,3.3245995573907363,232.7219690173516,192.11445606710595
0.038043615663774726,841.6721856066949,4066.4525959770376,3987.4845282607957,3691.9109110820564,3000.0,4046.7105790479773,0.9988349673233903,69.91844771263732,0.0,3874.10709010799,1.7409205208932832,121.86443646252981,69.91844771263732,3410.6304085802935,3.27218869468829,229.05320862818033,191.78288417516714
0.039530959497319926,833.7205311317794,4062.048827734513,3982.6306776932543,3687.0137332159957,3000.0,4042.1942902241985,1.0045278755760851,70.31695129032596,0.0,3869.0173665533102,1.7300827337629598,121.1057913634072,70.31695129032596,3407.1609026939964,3.2205360416022364,225.43752291215654,191.42274265373317
0.04107645215927135,825.8172944439332,4057.562731551691,3977.717376949257,3682.1119402819786,3000.0,4037.601392901083,1.0099314122997567,70.69519886098297,0.0,3863.8933404812205,1.7191301027081127,120.3391071895679,70.69519886098297,3403.7039141790624,3.1696334453059394,221.87434117141575,191.0343060505509
0.042682367021911014,817.961881789738,4052.9944628032285,3972.744850900883,3677.2055118138665,3000.0,4032.932059827642,1.0150446984497725,71.05312889148408,0.0,3858.735210177956,1.7080674890013459,119.56472423009421,71.05312889148408,3400.2592702680645,3.119472682475581,218.3630877732907,190.6178531215783
0.044351066336724074,810.1536991753114,4048.3442206773207,3967.7133510841195,3672.2944320347597,3000.0,4028.18650327902,1.0198670719002185,71.39069503301529,0.0,3853.543186525179,1.6968995980264368,118.7829718618506,71.39069503301529,3396.826799297991,3.0700454670398547,214.9031826927898,190.17366689486587
0.04608500470919832,802.392153566816,4043.612248468625,3962.6231562603352,3667.3786906109885,3000.0,4023.364975416552,1.0243980840470797,71.70786588329557,0.0,3848.317493743854,1.6856309836369958,117.99416885458972,71.70786588329557,3393.406331237713,3.021343457793181,211.49404204552272,189.70203473788527
0.04788673270947344,794.6766540766394,4038.79883385004,3957.4745729663787,3662.458283401243,3000.0,4018.4677686291243,1.0286374962879286,72.004624740155,0.0,3843.0583701332644,1.6742660526794997,117.19862368756499,72.004624740155,3389.9976982101953,2.9733582658657096,208.13507861059966,189.20324842771998
0.049758900624151496,787.0066131331356,4033.904309122816,3952.2679360517473,3657.533213198976,3000.0,4013.4952158550486,1.0325852763910288,72.28096934737202,0.0,3837.76606880302,1.6628090696592794,116.39663487614956,72.28096934737201,3386.60073500838,2.926081462043517,204.8257023430462,188.67760422352154
0.0517042623547872,779.3814476318216,4028.929051444457,3947.0036092013283,3652.6034904662424,3000.0,4008.447690883675,1.0362415947660173,72.53691163362123,0.0,3832.440858395993,1.6512641615289845,115.58849130702892,72.53691163362123,3383.215279603703,2.8795045839322957,201.5653208752607,188.1254029406502
0.053725679468792545,771.8005800660287,4023.87348303374,3941.6819854421065,3647.6691340571424,3000.0,4003.3256086358315,1.0396068206480256,72.77247744536179,0.0,3827.0830238000485,1.6396353225789668,114.7744725805277,72.77247744536179,3379.8411736461917,2.833619142958926,198.35334000712484,187.5469500258895
0.05582612540871471,764.2634396349767,4018.73807135214,3936.3034876322417,3642.7301719290654,3000.0,3998.1294254221657,1.042681518206214,72.98770627443497,0.0,3821.692866846498,1.6279264194101346,113.95484935870942,72.98770627443498,3376.4782629551596,2.7884166312049135,195.18916418434395,186.94255563314442
0.058008689866078766,756.7694633273616,4013.523329260857,3930.8685689309054,3637.7866418399644,3000.0,3992.8596391783685,1.0454664425872668,73.18265098110868,0.0,3816.270706993195,1.6161411959701308,113.12988371790918,73.1826509811087,3373.1263979994787,2.743888528066613,192.07219696466294,186.31253469901787
0.06027658332622912,749.3180969785243,4008.2298151525774,3925.3777132472014,3632.8385920299056,3000.0,3987.5167896762337,1.047962535903729,73.35737751326104,0.0,3810.8168819901903,1.6042832786343442,112.29982950440412,73.35737751326104,3369.7854343664694,2.7000263067371004,189.001841471597,185.65720701766514
0.06263314179085497,741.9087962993954,4002.858133057026,3919.8314356665273,3627.886081885176,3000.0,3982.1014587094014,1.050170923176211,73.51196462233479,0.0,3805.3317485259404,1.5923561813142328,111.46493269199631,73.51196462233479,3366.4552332184544,2.656821440505237,185.9775008353666,184.9768973143311
0.06508183168514635,734.5410278754234,3997.408932719293,3914.2302828526767,3622.9291825832793,3000.0,3976.6142702526386,1.0520929082381163,73.64650357666814,0.0,3799.815682852019,1.5803633105756432,110.62543174029504,73.64650357666814,3363.1356617360684,2.6142654088678365,182.99857862074856,184.27193531696315
0.06762625495679932,727.2142701337884,3991.8829096498703,3908.5748334239975,3617.967977717182,3000.0,3971.0558905934026,1.0537299696106084,73.76109787274258,0.0,3794.269081384358,1.568307970750955,109.78155795256686,73.76109787274258,3359.8265935474146,2.5723497034512106,180.06447924158473,183.54265582530945
0.07027015437437037,719.9280142772122,3986.280805145249,3902.865698301904,3613.002563897187,3000.0,3965.4270284344125,1.0550837563550146,73.85586294485103,0.0,3788.692361279053,1.5561933690295637,108.93353583206947,73.85586294485103,3356.5279091422035,2.531065833738366,177.17460836168564,182.7893987769205
0.07301741903277427,712.681765182861,3980.6034062779054,3897.103521030041,3608.0330513289227,3000.0,3959.728434965939,1.0561560839091324,73.93092587363927,0.0,3783.0859609808294,1.5440226205114893,108.08158343580428,73.93092587363927,3353.2394962700646,2.490405332599814,174.32837328198698,182.01250930944354
0.07587209007402324,705.4750422647558,3974.8515458544052,3891.28897806239,3603.059564365901,3000.0,3953.9609039064017,1.0569489299132213,73.9864250939255,0.0,3777.4503407422603,1.5317987532104744,107.2259127247332,73.9864250939255,3349.96125032219,2.4503597616245596,171.52518331371914,181.21233781865868
0.07883836663162286,698.3073802982999,3969.026102340376,3885.422779018638,3598.0822420352188,3000.0,3948.1252715099417,1.0574644300308769,74.02251010216139,0.0,3771.7859831119144,1.5195247129929288,106.36672990950501,74.02251010216139,3346.6930746955736,2.4109207162497652,168.76445013748358,180.3892400116664
0.08192061200736866,691.1783302055798,3963.1279997509873,3879.5056669051164,3593.101238534983,3000.0,3942.2224165395196,1.057704873769272,74.03934116384903,0.0,3766.093393389648,1.5072033684402177,105.50423579081526,74.03934116384903,3343.434881139106,2.3720798306875084,166.0455881481256,179.54357695466427
0.08512336008962915,684.0874598001042,3957.158207505608,3873.538418299647,3588.116723702118,3000.0,3936.253260204118,1.0576727003027073,74.03708902118952,0.0,3760.373100047285,1.4948375156225586,104.6386260935791,74.03708902118952,3340.186590080805,2.333828782646907,163.3680147852835,178.67571511476865
0.08845132202255641,677.0343544898574,3951.1177402452463,3867.5218434986514,3583.128883449264,3000.0,3930.2187660585973,1.0573704943027393,74.01593460119176,0.0,3754.6256551130073,1.4824298827733102,103.77009179413172,74.01593460119176,3336.948130935552,2.296159297851503,160.7311508496052,177.78602639532343
0.09190939313603473,670.0186179374695,3945.007657611379,3861.4567866249117,3578.1379201695286,3000.0,3924.119939864762,1.0568009817776625,73.97606872443637,0.0,3748.8516345178327,1.469983134853494,102.89881943974459,73.97606872443639,3333.719442392689,2.259063154350768,158.13442080455377,176.874888164181
0.0955026601465605,663.0398726765593,3938.8290639847537,3855.344125694392,3573.1440531079384,3000.0,3917.9578294121634,1.0559670259235454,73.91769181464817,0.0,3743.0516384025977,1.4574998779966248,102.02499145976374,73.91769181464817,3330.5004726829084,2.2225321866266814,155.57725306386772,175.9426832744119
0.0992364086396462,656.0977606832389,3932.58310818277,3849.1847726405877,3568.1475186984608,3000.0,3911.7335242972244,1.0548716229885409,73.84101360919787,0.0,3737.226291383965,1.444982663825131,101.14878646775918,73.84101360919789,3327.2911798238733,2.186558289495177,153.0590802646624,174.98980007695707
0.10311613084475442,649.1919439019869,3926.270983114008,3842.9796732948753,3563.1485708655805,3000.0,3905.4481556592245,1.0535178981516988,73.74625287061892,0.0,3731.376242777985,1.4324339936297612,100.27037955408329,73.74625287061892,3324.091531844105,2.151133421804161,150.57933952629125,174.01663242470218
0.10714753371419894,642.3221047251699,3919.8939253885246,3836.7298073214074,3558.1474812894385,3000.0,3899.1028958717457,1.0519091014172406,73.63363709920684,0.0,3725.5021667798565,1.4198563224038467,99.38994256826928,73.63363709920684,3320.9015069846528,2.116249609930126,148.13747269510884,173.02357966747613
0.11133654731789643,635.487946425601,3913.453214882511,3830.4361881051223,3553.1445396336503,3000.0,3892.6989581881635,1.0500486035246348,73.50340224672443,0.0,3719.60476259856,1.407252062725083,98.50764439075581,73.50340224672443,3317.721093878196,2.0818989510760026,145.7329265753202,172.01104663748023
0.11568933356631729,628.6891935416902,3906.950174255945,3824.0998625914663,3548.1400537349546,3000.0,3886.2375963398254,1.0479398918748308,73.35579243123816,0.0,3713.684754545099,1.3946235884769775,97.62365119338844,73.35579243123817,3314.5502917052,2.0480736163745505,143.36515314621855,170.97944362462658
0.12021229527446696,621.9255922149654,3900.3861684218436,3817.7219110764436,3543.1343497539337,3000.0,3879.720104085494,1.0455865664726487,73.19105965308542,0.0,3707.7428920731163,1.3819732384020804,96.73812668814563,73.19105965308542,3311.3891103268948,2.0147658538035946,141.03360976625163,169.92918634123106
0.1249120855802303,615.1969104799721,3893.7626039657507,3811.303446945638,3538.1277722861523,3000.0,3873.1478147107227,1.042992335885132,73.00946351195925,0.0,3701.77994977071,1.3693033194785462,95.85123236349824,73.00946351195925,3308.2375703949274,1.981967990921836,138.73775936452853,168.86069587545748
0.12979561773093312,608.5029385067414,3887.080928514033,3804.845616360782,3533.1206844330363,3000.0,3866.52210047572,1.0401610132158228,72.81127092510759,0.0,3695.79672730222,1.3566161101105836,94.96312770774087,72.81127092510759,3305.09570343753,1.949672437436032,136.47707062052223,167.77439863284846
0.13487007525251718,601.8434887965518,3880.34263004955,3798.3495978924593,3528.1134678320204,3000.0,3859.8443720102773,1.0370965120947153,72.59675584663009,0.0,3689.7940492988046,1.3439138631214504,94.07397041850153,72.59675584663009,3301.963551922341,1.917871687616347,134.2510181331443,166.6707262651316
0.14014292251628604,595.2183963319947,3873.549236173164,3791.8166020974063,3523.106522645463,3000.0,3853.1160776542242,1.0338028426840062,72.36619898788044,0.0,3683.7727651965415,1.331198808535621,93.18391659749346,72.36619898788044,3298.841169296004,1.8865583225803342,132.05908258062342,165.5501155853739
0.14562191571876654,588.62751868287,3866.7023133094945,3785.247871038784,3518.100267507938,3000.0,3846.338702741817,1.0302841076998621,72.11988753899035,0.0,3677.733749020717,1.318473156133968,92.29312092937775,72.11988753899034,3295.7286200008857,1.8557250124723836,129.90075087306687,164.4130084683681
0.1513151142908353,582.0707360700247,3859.803465855202,3778.6446777476735,3513.095139431626,3000.0,3839.51376882832,1.0265444984506844,71.85811489154791,0.0,3671.677899114897,1.3057390977627488,91.40173684339243,71.8581148915479,3292.6259794694597,1.8253645185724576,127.77551630007203,163.25985173494033
0.15723089275289567,575.5479513897885,3852.8543352680017,3772.008325623931,3508.0915936695483,3000.0,3832.642832856984,1.0225882908928388,71.58118036249873,0.0,3665.6061378133,1.2929988093735407,90.50991665614787,71.58118036249873,3289.533334097005,1.7954696953749665,125.68287867624767,162.09109701864656
0.16337795303353841,569.0590902022625,3845.8565990945594,3765.3401477744233,3503.090103536554,3000.0,3825.7274862645254,1.0184198417052355,71.28938891936649,0.0,3659.519411054888,1.280254452768007,89.6178116937605,71.2893889193665,3286.4507811935487,1.766033492685775,123.62234448800426,160.907200613127
0.1697653372698127,562.6041006872073,3838.811969935454,3758.641506286683,3498.0911601880407,3000.0,3818.7693540232613,1.0140435843848203,70.98305090693742,0.0,3653.418687937637,1.2675081770185916,88.72557239130143,70.98305090693741,3283.3784289160944,1.7370489577909254,121.59342704536478,159.70862329823882
0.17640244110793205,556.1829535717496,3831.722194345571,3751.913791436126,3493.0952723565565,3000.0,3811.7700936182096,1.0094640253656975,70.66248177559882,0.0,3647.30496021151,1.254762119534225,87.83334836739574,70.66248177559882,3280.316396182356,1.708509237755432,119.59564664288025,158.49583014299455
0.18329902752398175,549.7956420343162,3824.589051668727,3745.1584208253116,3488.10296604663,3000.0,3804.731393957873,1.0046857401658504,70.32800181160954,0.0,3641.1792417089337,1.2420184067397735,86.94128847178415,70.32800181160954,3277.26481256734,1.6804075819109205,117.62853073376444,157.26929028339367
0.19046524118495678,543.4421815891686,3817.4143528060063,3738.3768384543323,3483.114784188384,3000.0,3797.6549742180882,0.999713369566711,69.97993586966977,0.0,3635.0425677120083,1.229279154339911,86.04954080379379,69.97993586966977,3274.2238181841503,1.6527373445874391,115.69161412112074,156.02947667346353
0.197911623371256,537.1226099556834,3810.199938918447,3731.570513722364,3478.131286250833,3000.0,3790.5425826194264,0.9945516158328516,69.61861310829961,0.0,3628.89599425644,1.216546467141953,85.15825269993672,69.61861310829961,3271.1935635504005,1.6254919881372198,113.7844391696054,154.77686580823632
0.2056491274825819,530.8369869156884,3802.9476800662515,3724.740940361812,3473.153047816145,3000.0,3783.3959951401416,0.9892052389815017,69.24436672870512,0.0,3622.740597373176,1.203822438420331,84.26757068942318,69.24436672870512,3268.1742094414944,1.5986650862816552,111.90655603971588,153.5119374181283
0.21368913515005558,524.5853941612593,3795.6594737888076,3717.889635308289,3468.180660116631,3000.0,3776.2170141686784,0.9836790531149988,68.85753371804992,0.0,3616.577472270116,1.1911091488149042,83.37764041704331,68.85753371804992,3265.165926731903,1.572250327793377,110.05752294553639,152.23517413509322
0.22204347297824684,518.3679351338551,3788.337243632444,3711.0181375120105,3463.2147295368413,3000.0,3769.007467102336,0.9779779228331447,68.45845459832013,0.0,3610.407732458001,1.1784086647698115,82.48860653388681,68.45845459832013,3262.1688962252633,1.546241520496008,108.23690643472058,150.94706113220695
0.2307244299417467,512.1847348540286,3780.9829376359266,3704.128006698879,3458.255877083821,3000.0,3761.7692049016646,0.9721067597473896,68.04747318231728,0.0,3604.23250882659,1.1657230365351696,81.60061255746189,68.04747318231729,3259.183308473861,1.5206325955319304,106.44428168723513,149.64808573977913
0.23974477546187173,506.0359397389582,3773.5985267873025,3697.2208220927173,3453.304737829398,3000.0,3754.5041006136566,0.9660705191240373,67.62493633868262,0.0,3598.0529486795945,1.1530542957729084,80.7138007041036,67.62493633868263,3256.2093635876818,1.495417611809898,104.67923282669287,148.33873704278625
0.24911777819009123,499.92171740314166,3766.1860034694287,3690.2981811133845,3448.361960329256,3000.0,3747.214047880417,0.9598741966894192,67.19119376825934,0.0,3591.87021473933,1.14040445282734,79.82831169791382,67.19119376825934,3253.2472710329002,1.4705907605056814,102.9413532353977,147.01950546617314
0.2588572255258062,493.84225643546506,3758.7473799154327,3683.361698068943,3443.428206024433,3000.0,3739.90095945381,0.9535228256357988,66.74659779450592,0.0,3585.6854841345707,1.1277754937413538,78.94428456189476,66.74659779450593,3250.297249419315,1.4461463694475978,101.23024586133185,145.6908823564007
0.2689774438971908,487.79776614442613,3751.2846866989066,3676.413002863252,3438.504148631872,3000.0,3732.5667657399927,0.9470214738716745,66.29150317101721,0.0,3579.49994738758,1.1151693771173106,78.06185639821175,66.29150317101721,3247.3595262760414,1.4220789071854874,99.54552350298411,144.35335956922893
0.27949331983492876,481.78847626172904,3743.7999712867786,3669.453739743123,3433.590473531452,3000.0,3725.2134134008647,0.9403752415642718,65.82626690949903,0.0,3573.3148074183778,1.1025880309385665,77.18116216569967,65.82626690949903,3244.434337814581,1.3983829865095116,97.88680905566582,143.00742907519873
0.2904203218698429,475.8146365938757,3736.29529668499,3662.4855661112842,3428.687877157736,3000.0,3717.842864041563,0.9335892590236566,65.35124813165598,0.0,3567.131278586044,1.0900333494803967,76.30233446362777,65.35124813165598,3241.5219286783804,1.3750533671664873,96.25373570165411,141.65358259528375
0.30177452328662974,469.8765166112631,3728.7727402081355,3655.5101514324124,3423.797066405165,3000.0,3710.4570930142045,0.92666868497754,64.8668079484278,0.0,3560.950585787739,1.0775071904467808,75.42550333127467,64.86680794842782,3238.6225516781124,1.352084957513273,94.6459470259291,140.29231127970246
0.31357262576716766,463.9744049648488,3721.2343924037905,3648.529176259424,3418.9187580557073,3000.0,3703.058088367699,0.9196187052815847,64.37330936971094,0.0,3554.7739636363117,1.0650113724730785,74.55079607311549,64.37330936971094,3235.736467512106,1.3294728148513997,93.06309703959798,138.9241054428264
0.3258319839581788,458.1086089218795,3713.682356160028,3641.544331405582,3414.0536782378854,3000.0,3695.6478499714167,0.9124445321024539,63.87111724717177,0.0,3548.6026557364344,1.0525476731308654,73.67833711916059,63.87111724717178,3232.8639444717887,1.3072121442086768,91.50485009460739,137.54945436633236
0.3385706309993815,452.27945371418434,3706.1187460205915,3634.5573172848904,3409.2025619255633,3000.0,3688.228388836666,0.9051514035987739,63.36059825191417,0.0,3542.437914077208,1.0401178275624976,72.80824792937484,63.36059825191417,3230.00525813236,1.2852982953686165,89.97088067580316,136.168846181289
0.3518073050496859,446.4872817950924,3698.54568772621,3627.569843438524,3404.3661524839113,3000.0,3680.8017266542884,0.8977445841094045,62.84212088765831,0.0,3536.280998556028,1.0277235278575503,71.94064695002854,62.84212088765831,3227.16069102947,1.2637267579979907,88.46087305985935,134.78276783768683
0.36556147685045015,440.73245200406814,3690.965317992728,3620.5836282588116,3399.545201268444,3000.0,3673.369895559249,0.8902293648383578,62.31605553868505,0.0,3530.133176644261,1.0153664232632784,71.07564962842949,62.31605553868505,3224.3305323231075,1.2424931547845646,86.97452083491953,133.39170516711454
0.3798533783663443,435.0153386413423,3683.3797845272593,3613.6003989146366,3394.740467281069,3000.0,3665.934938124103,0.8826110650026103,61.78277455018273,0.0,3523.9957231999333,1.0030481212960156,70.21336849072111,61.78277455018273,3221.5150774503295,1.2215932325681043,85.51152627976731,131.99614304090386
0.39470403254594866,429.33633045799286,3675.791246272793,3606.6218914734063,3389.9527168845852,3000.0,3658.4989075729463,0.8748950333834198,61.24265233683939,0.0,3517.8699204265076,0.9907701897924074,69.35391328546851,61.242652336839384,3218.714627768722,1.2010228515241217,84.07159960668852,130.5965656223079
0.4101352842458664,423.69582956991667,3668.2018738600227,3599.6498512051485,3385.1827235742207,3000.0,3651.063868196304,0.8670866501948156,60.696065513637095,0.0,3511.7570579699795,0.9785341599085301,68.49739119359711,60.696065513637095,3215.9294901926382,1.1807779725389165,82.65445807772416,129.1934567072342
0.42616983236383765,418.0942503065776,3660.6138502330355,3592.6860330443415,3380.4312678015535,3000.0,3643.6318959358623,0.859191329156251,60.143393040937575,0.0,3505.6584331392974,0.9663415300433166,67.64390710303216,60.143393040937575,3213.159976824118,1.1608546429902724,81.25982500931907,127.78730014396972
0.44283126322812094,412.532018007371,3653.029371403664,3585.732202175236,3375.6991368428016,3000.0,3636.205079096557,0.8512145196305407,59.58501637413786,0.0,3499.5753512279143,0.9541937706320573,66.79356394424403,59.58501637413786,3210.4064045800974,1.141248981218623,79.88742868530362,126.37858031838186
0.4601440852922588,407.0095677795878,3645.450647278063,3578.7901346969593,3370.987124699938,3000.0,3628.785519132787,0.8431617086663695,59.021319606645875,0.0,3493.509125907152,0.9420923297248229,65.94646308073762,59.021319606645875,3207.669094816995,1.1219571600344345,78.53700120241042,124.9677826873835
0.47813376518626055,401.52734323223797,3637.8799024893174,3571.861618316365,3366.2960320197253,3000.0,3621.375331446079,0.8350384227658431,58.452689593609016,0.0,3487.4610796557295,0.9300386392389747,65.10270474672824,58.452689593609016,3204.9483729529497,1.1029753896540246,77.20827727578174,123.55539434033723
0.496826765177234,396.0857951995644,3630.31937716177,3564.948453009514,3361.626666012603,3000.0,3613.976646123706,0.8268502291855978,57.879516042991845,0.0,3481.432544184159,0.9180341217497772,64.2623885224844,57.87951604299183,3202.2445680871247,1.084299900490085,75.90099303430597,122.14190456547624
0.5162505820945678,390.6853804667104,3622.7713275272085,3558.0524515875013,3356.9798403506074,3000.0,3606.591608542282,0.8186027365735895,57.30219156015128,0.0,3475.424860808424,0.9060801976648583,63.42561383654009,57.30219156015128,3199.5580126143623,1.0659269262380546,74.61488483666383,120.72780539669137
0.5364337877769241,385.3265605080552,3615.2380263098285,3551.1754400991354,3352.3563750213248,3000.0,3599.222379757155,0.8103015947450999,56.721111632157,0.0,3469.439380724336,0.8941782926128177,62.59248048289724,56.721111632157,3196.889041832435,1.0478526876996193,73.34968813897335,119.31359211505423
0.5574060711005365,380.0098002461673,3607.721762796833,3544.3192580021123,3347.75709611335,3000.0,3591.8711365981526,0.8019524934105843,56.136674538740905,0.0,3463.4774651325615,0.8823298448663252,61.76308914064277,56.136674538740905,3194.2379935379918,1.0300733777671423,72.10513644369995,117.89976367938367
0.579198281650636,374.7355668364112,3600.224842514271,3537.4857580358434,3343.1828355080165,3000.0,3584.540071394664,0.7935611596840514,55.5492811778836,0.0,3457.540485164673,0.8705363126159442,60.9375418831161,55.5492811778836,3191.605207606312,1.0125851479600845,70.88096035720591,116.48682306099968
0.601842475100244,369.50432847909286,3592.749586433471,3530.676805732908,3338.6344304522318,3000.0,3577.2313912583304,0.7851333542249882,54.95933479574917,0.0,3451.6298215624574,0.8587991809098696,60.11594266369087,54.95933479574918,3188.991025549117,0.9953840968586626,69.67688678010639,115.07527745944004
0.6253719603630827,364.3165532579739,3585.298329641996,3523.894278512331,3334.1127229883264,3000.0,3569.94731685958,0.7766748658965689,54.36724061275982,0.0,3445.7468640664965,0.8471199680804181,59.29839776562926,54.36724061275982,3186.395790044075,0.9784662607228266,68.49263825059788,113.66563837838909
0.6498213485899696,359.1727080011008,3577.8734194241265,3517.1400643061106,3329.6185592186857,3000.0,3562.6900806446224,0.7681915048589557,53.77340534012691,0.0,3439.8930104752462,0.8355002314862766,58.48501620403937,53.77340534012691,3183.81984442931,0.9618276065197728,67.3279324563841,112.25842154416628
0.6752266040807519,354.07325715730394,3570.4772127091423,3510.41605968052,3325.1527883856775,3000.0,3555.4619244519868,0.7596890940565711,53.17823658395998,0.0,3434.069665342498,0.8239415724126519,57.67591006888564,53.17823658395998,3181.2635321561484,0.9454640275115194,66.18248192580636,110.85414665284563
0.7016250971866916,349.01866167986327,3563.112072860591,3503.7241674252577,3320.716261750967,3000.0,3548.265096501758,0.7511734591006781,52.58214213704748,0.0,3428.278238289018,0.8124456399874008,56.87119479911806,52.58214213704748,3178.7271961937467,0.9293713414823732,65.05599390376612,109.45333693616553
0.7290556592811053,344.00937790733036,3555.780365796027,3497.0662935962764,3316.3098312624647,3000.0,3541.10184774609,0.7426504165936334,51.98552916155434,0.0,3422.5201419129485,0.8010141339896645,56.07098937927652,51.98552916155434,3176.211178379818,0.9135452916119188,63.948170412834315,108.05651854083085
0.7575586398791222,339.04585643098017,3548.4844554434458,3490.444344011446,3311.93434800199,3000.0,3533.974427585446,0.7341257609840645,51.388803268884516,0.0,3416.796789293082,0.7896488064494499,55.275416451461496,51.38880326888452,3173.7158187127643,0.8979815499306294,62.858708495144064,106.66421972034603
0.7871759659905834,334.1285409382761,3541.2266985578367,3483.8602202119855,3307.590660411869,3000.0,3526.8850789713742,0.7256052500858078,50.79236750600655,0.0,3411.109591089031,0.7783514619586237,54.48460233710367,50.79236750600654,3171.2414545817696,0.882675723228969,61.78730062602784,105.2769698431102
0.8179512037933857,329.2578670226183,3534.0094389377855,3477.315814916085,3303.2796123041812,3000.0,3519.8360329323605,0.7170945894312794,50.19662126018955,0.0,3405.459952252259,0.7671239566391028,53.6986769647372,50.19662126018955,3168.788419933034,0.867623361234034,60.73363528638239,103.89529822492676
0.8499296227179938,324.43426095095896,3526.835001098003,3470.813007004287,3299.002040661899,3000.0,3512.829502574574,0.7085994156658236,49.60195909660766,0.0,3399.849268371832,0.7559681957387544,52.917773701712804,49.60195909660766,3166.3570443720882,0.8528199668165573,59.69739767715901,102.51973279832046
0.8831582620373823,319.6581383829195,3519.705683468089,3464.353656088318,3294.7587732466723,3000.0,3505.867676623146,0.7001252792182184,49.008769545275285,0.0,3394.2789216880215,0.7448861298519226,52.14202908963458,49.00876954527529,3163.9476522040673,0.8382610079507125,58.678270556549876,101.15079863490989
0.9176860000603636,314.9299030375297,3512.623751200672,3457.939596726108,3290.55062603332,3000.0,3498.952712582031,0.6916776265056679,48.41743385539676,0.0,3388.7502768156282,0.7338797497876378,51.37158248513466,48.41743385539676,3161.5605614158785,0.8239419311176204,57.67593517823342,99.78901634053142
0.9535636260300799,310.2499453064613,3505.5914286829543,3451.5726323552935,3286.378400496002,3000.0,3492.0867296010388,0.6832617819479798,47.82832473635859,0.0,3383.2646762266404,0.7229510801347606,50.60657560943324,47.82832473635859,3159.1960826061863,0.8098581758205546,56.690072307438825,98.43490034579183
0.9908439148334213,305.61864081582905,3498.6108918541463,3445.2545290253447,3282.242880775533,3000.0,3485.271801146946,0.6748829300737709,47.24180510516397,0.0,3377.823435548491,0.7121021715992242,49.847152011945695,47.24180510516397,3156.8545178711447,0.796005189868641,55.72036329080487,97.08895711710966
1.0,304.3295301227447,3496.82649928797,3443.6226329704086,3281.139190584005,3000.0,3483.5255327085797,0.6729540637329013,47.1067844613031,0.0,3376.399839215027,0.709278843168856,49.64951902181993,47.10678446130309,3156.2146049035828,0.7915494511178474,55.40846157824932,96.75630348312303
1.0295817046312654,300.87335678257,3491.5396973212355,3438.8439573877035,3278.0280385900214,3000.0,3478.3657623378526,0.6665269797878837,46.65688858515186,0.0,3372.292107721517,0.7010411834705998,49.072882842941986,46.65688858515186,3154.4609395104408,0.7815272423313019,54.706906963191145,95.72977142809385
1.0698339775237293,296.42886734027974,3484.7254256608667,3432.688480761374,3274.024761669274,3000.0,3471.716189435994,0.6581941493751815,46.07359045626271,0.0,3367.004078538603,0.6904845456534318,48.33391819574023,46.0735904562627,3152.2051841556513,0.7686703574019558,53.806925018136916,94.40750865200293
1.1116599433690897,291.9734069348743,3477.937186964475,3426.551534118262,3270.023900513083,3000.0,3465.090773752922,0.6499562211141946,45.49693547799363,0.0,3361.726799293861,0.6799419257300274,47.59593480110192,45.49693547799363,3149.946935005329,0.7556261884048798,52.89383318834159,93.09287027909555
1.1551211268796682,287.5534531241901,3471.1985926569478,3420.4593282687106,3266.0529835189013,3000.0,3458.5137765598884,0.6417803164356024,44.92462215049217,0.0,3356.4881098871397,0.6694624152156079,46.86236906509255,44.92462215049217,3147.7061974583894,0.742710504950148,51.98973534651036,91.78699121558472
1.2002814581227947,283.1782079789338,3464.5168504819517,3414.419188180921,3262.1183300592543,3000.0,3451.992434906694,0.6336649526139563,44.35654668297695,0.0,3351.295142499989,0.6590616989317458,46.1343189252222,44.35654668297694,3145.487149634123,0.7299748340181107,51.09823838126775,90.49086560819914
1.2472073665599754,278.850786193664,3457.895797032515,3408.4347198956075,3258.2225073365494,3000.0,3445.530527748288,0.6256130458117064,43.79291320681945,0.0,3346.1511281873886,0.6487470843967195,45.41229590777036,43.79291320681945,3143.2913127913375,0.717431199746317,50.22018398224219,89.20520911458982
1.2959678787625917,274.5726024064063,3451.3380816087133,3402.508283925015,3254.3669506470324,3000.0,3439.1306321877887,0.6176282487886383,43.23397741520469,0.0,3341.05805176367,0.6385229687717991,44.696607814025946,43.23397741520468,3141.119445188132,0.7050816567710356,49.355715973972494,87.93058522923062
1.346634719947869,270.34443676536335,3444.8457900126014,3396.6416795476043,3250.552636649042,3000.0,3432.794762396352,0.6097141856651433,42.67999299656003,0.0,3336.0173635904657,0.6283925088035061,43.98747561624543,42.679992996560024,3138.972011269999,0.6929249967125174,48.50474976987622,86.66746861280545
1.39928241948447,266.1667785443365,3438.420674739126,3390.8363902581427,3246.780310740132,3000.0,3426.52460361888,0.6018742589150838,42.13119812405587,0.0,3331.030228138149,0.61835823543555,43.285076480488506,42.13119812405587,3136.8493355365845,0.6809587809660552,47.66711466762387,85.41627460454438
1.4539884205229092,262.0399591069759,3432.0642542026203,3385.0936870627597,3243.0505782823643,3000.0,3420.321612417655,0.5941115979042025,41.58781185329418,0.0,3326.0976262977306,0.6084223093974768,42.589561657823374,41.58781185329418,3134.7516628915055,0.6691800863195771,46.842606042370406,84.17737351111755
1.510833193912051,257.96421039427247,3425.7778604212835,3379.4146770587295,3239.3639458542552,3000.0,3414.187064580645,0.5864290475657791,41.05003332960453,0.0,3321.220402576334,0.5985866365402378,41.901064557816646,41.05003332960453,3132.6791854697312,0.657585818710215,46.03100730971505,82.95109788742118
1.5699003565692593,253.93969321896154,3419.562664024468,3373.800328349831,3235.7208416516346,3000.0,3408.1220801058093,0.5788291695633939,40.518041869437575,0.0,3316.3992888379635,0.5888529226127156,41.219704582890095,40.518041869437575,3130.632055726946,0.6461728593879014,45.2321001571531,81.73774645232766
1.6312767944783164,249.96651201702116,3413.4196885097667,3368.251483876846,3232.1216263547954,3000.0,3402.127637351537,0.5713142476867386,39.9919973380717,0.0,3311.6349171798734,0.5792226999522669,40.54558899665869,39.9919973380717,3128.610393321532,0.63493813819686,44.4456696737802,80.53758633473038
1.6950527904960404,246.0447230544318,3407.3498191827816,3362.7688697983485,3228.5665993566486,3000.0,3396.2045818366732,0.5638862949218137,39.47204064452696,0.0,3306.927827495707,0.5696973405721911,39.878813840053375,39.47204064452696,3126.614288988853,0.6238786720376508,43.67150704263556,79.35085448458034
1.7613221571555953,242.1743393025091,3401.3538094527585,3357.353101155927,3225.0560026567105,3000.0,3390.3536323785506,0.5565470614248385,38.9582942997387,0.0,3302.2784723827067,0.5602780626174656,39.2194643832226,38.9582942997387,3124.6438068913403,0.6129915852613322,42.90941096829326,78.1777586829613
1.8301823746618509,238.35533356790776,3395.4322858798964,3352.004686236168,3221.5900235832164,3000.0,3384.5753859689644,0.5492980431906345,38.45086302334441,0.0,3297.6872207510655,0.5509659337700772,38.567615363905404,38.45086302334441,3122.6989861828006,0.6022741199529152,42.15918839670407,77.0184783872498
1.9017347342817705,234.58764070790738,3389.585752733756,3346.7240303929902,3218.1687969617515,3000.0,3378.870322148565,0.5421404913629151,37.94983439540406,0.0,3293.1543608647976,0.5417618735454602,37.923331148182214,37.94983439540406,3120.779842176077,0.591723640148106,41.42065481036742,75.87316554358628
1.9760844873407593,230.87115938761792,3383.814596483821,3341.5114397538723,3214.7924070723593,3000.0,3373.238807301334,0.5350754221550265,37.455279550851856,0.0,3288.6801032185194,0.5326666555748846,37.28666589024192,37.45527955085186,3118.886367328487,0.5813376321816456,40.693634252715185,74.74194544109379
2.0,229.53931687240095,3381.871428268599,3339.7412879918065,3213.6177833362485,3000.0,3371.338893199401,0.5328870074156032,37.30209051909223,0.0,3287.1453416895197,0.5295108932916714,37.065762530417004,37.30209051909223,3118.216655312804,0.5771686483813033,40.40180538669124,74.36785304950924
2.0533410000441314,227.02350051091258,3377.927601055578,3336.182380413591,3211.3204290687454,3000.0,3367.4912958950817,0.528018315525666,36.96128208679663,0.0,3284.094282256386,0.5232914023964543,36.63039816775181,36.96128208679663,3116.9319564501297,0.5702867142986838,39.92007000090786,73.59168025454844
2.133617914351444,223.51087157049994,3372.3913534473318,3331.191090497427,3208.1054448847112,3000.0,3362.091287709856,0.5211253673466695,36.47877571426687,0.0,3279.819547619296,0.5146095300826449,36.022667105785146,36.478775714266874,3115.136392332128,0.5607713280742567,39.25399296519797,72.50144282005202
2.2170333151403323,219.97811705200314,3366.88135431626,3326.216138049079,3204.887991316571,3000.0,3356.715050249465,0.5143577794936354,36.00504456455447,0.0,3275.5514932323604,0.5059148173369409,35.414037213585864,36.00504456455447,3113.3345282547657,0.550999667826589,38.56997674786123,71.41908177814034
2.303709903905741,216.47951510625813,3361.4321845536037,3321.294621526589,3201.7032022343406,3000.0,3351.3977937968502,0.5076837082881155,35.53785958016808,0.0,3271.3279851900197,0.4972958007910945,34.81070605537662,35.53785958016808,3111.5504735431387,0.5413027416797765,37.89119191758436,70.3485656355447
2.3937751792500577,213.02493083300266,3356.0519327370052,3316.4348093695203,3198.5580872763153,3000.0,3346.1476518951335,0.5011008787298672,35.077061511090704,0.0,3267.1570671624763,0.4887729525107691,34.21410667575384,35.077061511090704,3109.7887660943766,0.5317328175665255,37.22129722965679,69.29116818684454
2.487361624429645,209.6172872652311,3350.7434998236063,3311.6395734803764,3195.4548932075054,3000.0,3340.9675182377987,0.49460965831918546,34.62267608234299,0.0,3263.0414402405436,0.48035344460526447,33.62474112236852,34.62267608234299,3108.0507929408086,0.5223032346843435,36.561226427904046,68.24741720471151
2.5846069022336406,206.25759927453862,3345.508053512352,3306.9100528878066,3192.394461763967,3000.0,3335.858553356216,0.48821040969496876,34.17472867864782,0.0,3258.982154794574,0.47204031212985886,33.042821849090124,34.17472867864782,3106.337051073328,0.5130178444218765,35.91124910953136,67.21755052773794
2.685654057481717,202.94617902418904,3340.3460064439764,3302.2466557887046,3189.3770829639493,3000.0,3330.8211687801586,0.48190318906554724,33.733223234588316,0.0,3254.9795872548802,0.46383493746149307,32.468445622304515,33.733223234588316,3104.64770113822,0.5038774379314525,35.27142065520168,66.20166885689282
2.790651727438588,199.68302471780518,3335.2573807289887,3297.649422141424,3186.4027852033305,3000.0,3325.8553910820974,0.4756877706807911,33.29814394765538,0.0,3251.033783613119,0.4557379183494762,31.90165428446334,33.29814394765538,3102.982749727233,0.4948816303826266,34.64171412678387,65.19979823211872
2.8997543604548905,196.467972897808,3330.2419693292013,3293.118180471922,3183.4714543736436,3000.0,3320.9610221148814,0.4695637047043355,32.86945932930349,0.0,3247.1446045187126,0.4477494288727084,31.34246002108959,32.86945932930349,3101.342122159733,0.4860295299787275,34.022067098510924,64.21191935039309
3.0,193.6160440858825,3325.812015745455,3289.1130851227326,3180.876071558789,3000.0,3316.6372830897744,0.46418984571166627,32.493289199816644,0.0,3243.704366420385,0.44066626642891127,30.846638650023788,32.493289199816644,3099.888012198481,0.47811563133001167,33.46809419310082,63.339927849840436
3.0131224431559573,193.14051951604122,3325.1631528686517,3288.515738726526,3180.4688885441965,3000.0,3316.0012993331197,0.46353823470355143,32.4476764292486,0.0,3243.1803191098807,0.4395641891823644,30.76949324276551,32.44767642924861,3099.6519483880456,0.4764727155143786,33.3530900860065,63.217169672014116
3.1309227365127215,190.13649843530544,3320.371270407024,3284.1982780731432,3177.699160430341,3000.0,3311.328022323554,0.4575374662278772,32.02762263595141,0.0,3239.487002495502,0.4319890868002175,30.239236076015228,32.02762263595141,3098.111307668295,0.4685912929383727,32.80139050568609,62.266858711966634
3.2533285211419902,187.08387684065247,3315.5940846551666,3279.8832684120466,3174.9108122211906,3000.0,3306.6663805943863,0.45169158885156885,31.61841121960982,0.0,3235.784746242773,0.4243707218352368,29.705950528466577,31.61841121960982,3096.5522891920245,0.4602510953178546,32.21757667224983,61.32436174807639
3.380519852196909,184.06643838366364,3310.8776609933316,3275.622047979941,3172.1558064282867,3000.0,3302.063757739984,0.4459339083581651,31.215373585071557,0.0,3232.1276810853315,0.4168345865218544,29.17842105652981,31.215373585071564,3095.0115405520824,0.45199177928900636,31.639424550230448,60.39379464160137
3.512683824222573,181.09161281101257,3306.227684976952,3271.420551886054,3169.439333229839,3000.0,3297.5259017042276,0.4402612682432014,30.818288777024097,0.0,3228.521680676551,0.4093964161984415,28.65774913389091,30.818288777024097,3093.4924571397205,0.4438538356370181,31.069768494591266,59.476037910915004
3.6500148463663566,178.16108426998022,3301.645564925753,3267.2802456547633,3166.762629522432,3000.0,3293.0542351080057,0.4346729449483166,30.427106146382158,0.0,3224.9681819861853,0.4020605498016909,28.144238486118365,30.427106146382158,3091.995823711153,0.43584567860699414,30.50919750248959,58.571344632500534
3.792714928347807,175.2752221820283,3297.1315070639394,3263.201392236584,3164.1259594534977,3000.0,3288.6489783571005,0.42916822096547186,30.041775467583026,0.0,3221.4674766271346,0.394828407208347,27.637988504584293,30.041775467583026,3090.521810612258,0.4279692445549548,29.957847118846836,57.67976397216732
3.9409939776087426,172.4339603520125,3292.6852577079776,3259.183807809671,3161.529247352244,3000.0,3284.3098952334008,0.423746212642601,29.66223488498207,0.0,3218.0194427461606,0.3877003877638671,27.139027143470702,29.66223488498207,3089.070380234624,0.42022454496504963,29.415718147553473,56.80126202845277
4.095070108080658,169.63705351209546,3288.306354537822,3255.2271099923455,3158.9722727437384,3000.0,3280.0365434014525,0.4184059088717922,29.288413621025455,0.0,3214.623778407455,0.38067646579152303,26.647352605406617,29.288413621025455,3087.6414082062383,0.4126108647087951,28.88276052961566,55.93576622643207
4.255169961023625,166.88417144161178,3283.9942298103356,3251.3308175746997,3156.454745049268,3000.0,3275.8283767514267,0.413146215129456,28.920235059061923,0.0,3211.2800933255235,0.3737564191220223,26.162949338541562,28.920235059061923,3086.2347286420527,0.4051271617600345,28.35890132320241,55.08318439760349
4.421529038408629,164.17493934461822,3279.7482590394948,3247.494396709753,3153.9763368383183,3000.0,3271.684793457059,0.40796598495919295,28.557618947143514,0.0,3207.9879505770227,0.366939929790259,25.68579508531813,28.557618947143506,3084.8501538578917,0.39777222342639235,27.84405563984747,54.24341403246164
4.594392049333749,161.5089572550179,3275.5677865987177,3243.7172847854204,3151.5367003785605,3000.0,3267.6051611453936,0.40286404185847047,28.200482930092935,0.0,3204.7468877770566,0.3602266328746559,25.215864301225913,28.200482930092935,3083.487483987139,0.3905447342312869,27.338131396190086,53.41634723131886
4.7740132699837226,158.88581017644935,3271.452140385278,3239.998903846605,3149.135476588814,3000.0,3263.58883125061,0.39783919499222037,27.848743649455425,0.0,3201.5564287628204,0.353616141598227,24.75312991187589,27.848743649455425,3082.146512082052,0.38344330752704786,26.841031526893353,52.601873561331324
4.960656917662417,156.3050737046314,3267.4006407472366,3236.3386686009644,3146.772300168861,3000.0,3259.6351477106687,0.3928902508442791,27.50231755909954,0.0,3198.4160904198025,0.3471080604024032,24.297564228168227,27.502317559099545,3080.8270269837303,0.3764665009292564,26.352655065047944,51.79988178726778
5.0,155.63650819202923,3266.439507866726,3235.4589541424443,3146.184377483827,3000.0,3258.694369435656,0.3918604223424501,27.43022956397151,0.0,3197.650033115649,0.34547696195308325,24.18338733671583,27.43022956397151,3080.4912716457025,0.3743519599332469,26.20463719532728,51.61361690068733
5.154597539448377,153.65690486447943,3263.2784542754403,3232.6095990009117,3144.3565927582717,3000.0,3255.611240456808,0.38791787543864803,27.154251280705363,0.0,3195.2119198029873,0.3404406271051486,23.830843897360406,27.154251280705363,3079.475369084648,0.3691908179167707,25.843357254173952,50.98509517806577
5.356120416045148,151.22151718384777,3259.4170286625554,3229.126034390423,3142.116090321341,3000.0,3251.8442800945218,0.3831384653188851,26.81969257232196,0.0,3192.2280512370858,0.3342764595419481,23.39935216793637,26.81969257232196,3078.227592842531,0.3627387693095079,25.39171385166555,50.21904474025833
5.565521981420438,148.7846569007292,3255.5788126030816,3225.6600069204837,3139.881104447502,3000.0,3248.0991111824324,0.37843080324208084,26.49015622694566,0.0,3189.2558784609396,0.3281208392875915,22.968458750131408,26.49015622694566,3076.980779940434,0.35619590676125035,24.933713473287526,49.45861497707707
5.783110258851391,146.37830112717316,3251.7903977527953,3222.238654546158,3137.674506249956,3000.0,3244.402461951136,0.37378797929077373,26.165158550354164,0.0,3186.321745868789,0.32204155572411397,22.54290890068798,26.165158550354164,3075.7496771426845,0.3497297587506348,24.481083112544436,48.70806745104214
6.009205314017375,144.00827254319987,3248.057621626272,3218.867743055794,3135.5007868387056,3000.0,3240.7601519836526,0.3692109007008186,25.844763049057303,0.0,3183.4310647162833,0.316052917267717,22.123704208740193,25.844763049057303,3074.5370513057237,0.34336670019717763,24.035669013802437,47.96846725779749
6.244139725806773,141.67613872452296,3244.382226578594,3215.548980589557,3133.3612257935565,3000.0,3237.1739150813346,0.3647000002428042,25.529000016996292,0.0,3180.5854188960384,0.31015947906287816,21.711163534401475,25.529000016996292,3073.343664941686,0.3371129401551959,23.597905810863715,47.240163551397764
6.488259075530323,139.38228898115545,3240.764666386693,3212.282829323133,3131.2561683264357,3000.0,3233.644207120803,0.36025517168429955,25.217862017900966,0.0,3177.7852455421776,0.30436293300148304,21.305405310103815,25.217862017900966,3072.1697142782587,0.3309696737510421,23.167877162572946,46.52326732800478
6.7419224552606245,137.12668207462525,3237.204877294536,3209.0692596276035,3129.1856050424394,3000.0,3230.170972877803,0.3558759833652799,24.911318835569595,0.0,3175.0305371478466,0.29866388647175823,20.906472053023077,24.911318835569595,3071.015185322714,0.32493643069599926,22.74555014871995,45.817790888592675
7.005502996045556,134.90908846504814,3233.7025519329745,3205.908013202043,3127.1493665128464,3000.0,3226.7539172502416,0.35156181464179487,24.60932702492564,0.0,3172.321082164279,0.29306245665325326,20.51437196572773,24.60932702492564,3069.8799709055015,0.31901207488386724,22.330845241870705,45.123698990653374
7.279388416772598,132.72918482473685,3230.257254715718,3202.7987122308605,3125.147201421124,3000.0,3223.3926190945035,0.3473119347957627,24.311835435703394,0.0,3169.6565632859974,0.2875585049469655,20.129095346287585,24.31183543570339,3068.7639169034037,0.31319516614824927,21.92366163037745,44.44093078199098
7.563981594491418,130.58659615083184,3226.8684765909666,3199.740910493173,3123.178812187321,3000.0,3220.086585066518,0.34312554910445425,24.018788437311798,0.0,3167.036602867813,0.2821517406997022,19.750621848979154,24.018788437311798,3067.666843036462,0.30748411127321384,21.523887789124966,43.769410286290956
7.8597011570336495,128.48091653380274,3223.5356632636895,3196.7341194300448,3121.2438727883064,3000.0,3216.8352773052784,0.3390018260987452,23.730127826912163,0.0,3164.4607858527875,0.2768417710004103,19.378923970028723,23.730127826912163,3066.5885531871827,0.3018772352851498,21.131406469960485,43.10905179694088
8.166982098801586,126.41172027489651,3220.258230593618,3193.7778222649204,3119.342038318309,3000.0,3213.638128511443,0.3349399137224304,23.44579396057013,0.0,3161.9286721139188,0.2716281260378638,19.01396882265047,23.445793960570132,3065.528840929775,0.2963728193461094,20.746097354227658,42.4597627832206
8.486276420631599,124.37856826856427,3217.0355733218457,3190.871481982756,3117.4729504068755,3000.0,3210.4945504870734,0.3309389487866468,23.16572641506528,0.0,3159.4398034192413,0.2665102725870496,18.655719081093473,23.165726415065272,3064.4874926867606,0.2909691234017626,20.367838638123384,41.82144549615875
8.8180537946735,122.38101190518299,3213.867070141307,3188.014545977293,3115.6362404328665,3000.0,3207.4039391003034,0.3269980623228435,22.88986436259905,0.0,3156.99370750918,0.2614876214321095,18.304133500247662,22.88986436259905,3063.4642896344435,0.2856644012820683,19.99650808974478,41.193997862846714
9.162802255263857,120.41859560393027,3210.7520866935856,3185.206448823249,3113.831531513423,3000.0,3204.3656772260015,0.32311638242383994,22.618146769668794,0.0,3154.589900560624,0.2565595315909802,17.959167211368616,22.618146769668794,3062.459008915323,0.28045691172753895,19.631983820927726,40.57731398103741
9.521028916809533,118.49085855375704,3207.6899773684304,3182.4466139712554,3112.0584397907237,3000.0,3201.379136519137,0.31929303556662364,22.350512489663657,0.0,3152.2278887275347,0.2517253128327138,17.62077189828997,22.350512489663657,3061.471424451364,0.27534492698464125,19.274144888924887,39.97128438795363
9.893260719737413,116.59733597793539,3204.680086412923,3179.7344548224164,3110.3165753090097,3000.0,3198.4436785152966,0.31552714705010226,22.08690029350716,0.0,3149.907169148811,0.24698422730041072,17.28889591102875,22.08690029350716,3060.5013075203074,0.2703267397775969,18.922871784431784,39.37579620453591
10.0,115.94564080172748,3203.7022281430227,3178.845924119446,3109.732962544772,3000.0,3197.4881521371285,0.31439727899107567,22.007809529375294,0.0,3149.139531713989,0.24538718044050903,17.177102630835634,22.007809529375294,3060.1713931330305,0.26839868915218296,18.787908240652808,39.18491216021093
10.280045205607589,114.621690143939,3201.567445432665,3176.9263454978513,3108.5069475239598,3000.0,3195.407170448962,0.3116752500091843,21.817267500642902,0.0,3147.500946036972,0.24205863453339707,16.944104417337797,21.817267500642902,3059.491061623431,0.26499247362841155,18.549473153988806,38.761371917980696
10.681951322530264,112.86399714981417,3198.7413724777475,3174.384743191059,3106.8820834216904,3000.0,3192.6522151560757,0.30807709649293963,21.565396754505777,0.0,3145.3307636053723,0.23765949291125932,16.636164503788155,21.565396754505777,3058.5885473249277,0.26043481880875924,18.23043731661315,38.20156125829393
11.099570262070856,111.09069668525282,3195.9133238158756,3171.838768903564,3105.2494283016595,3000.0,3189.8946850877974,0.3045092524686166,21.315647672803163,0.0,3143.1541562969323,0.23324297831429974,16.327008482000984,21.315647672803163,3057.6796783814484,0.2557527455403181,17.90269218782227,37.64265615480414
11.533516328874718,109.33859716111314,3193.1200936839195,3169.324392857803,3103.6369484086485,3000.0,3187.1711684773904,0.3009821405596192,21.068749839173343,0.0,3141.004681332456,0.22888948455336158,16.022263918735312,21.068749839173346,3056.7818394949672,0.25111835460925586,17.578284822647912,37.091013757908655
11.98442784429041,107.61418649696635,3190.369480621121,3166.8489896533947,3102.0499509871543,3000.0,3184.4893578791894,0.2975011230057861,20.82507861040503,0.0,3138.888984502972,0.224614436282774,15.72301053979418,20.82507861040503,3055.8981893911086,0.2465572014040567,17.259004098283967,36.54808915019921
12.452968085320805,105.9191977235254,3187.6638578812217,3164.414756734707,3100.489936189359,3000.0,3181.851582594593,0.2940684235483787,20.58478964838651,0.0,3136.8090010251126,0.22042220578524888,15.42955440496742,20.58478964838651,3055.0295924426023,0.2420750686915538,16.945254808408766,36.01434405335393
12.939826260283226,104.25406297296135,3185.003888879357,3162.022300566745,3098.9573007885756,3000.0,3179.2584918012035,0.29068476252643594,20.347933376850516,0.0,3134.765256465897,0.21631400468761405,15.141980328132986,20.347933376850516,3054.176269858653,0.23767311116424528,16.63711778149717,35.4899137049835
13.445718522613713,102.61874409963846,3182.3895499012046,3159.6715987121884,3097.4520234339293,3000.0,3176.7100621039503,0.2873501237876771,20.1145086651374,0.0,3132.7577292981155,0.21228985155243352,14.86028960867035,20.114508665137397,3053.3382055308257,0.23335105394302122,16.334573776011485,34.97479827380774
13.971389024306765,101.01300112294511,3179.8204986291867,3157.362339848319,3095.9738962011015,3000.0,3174.2059589339697,0.28406411529071157,19.884488070349814,0.0,3130.786149546081,0.20834922261819883,14.58444558327392,19.88448807034981,3052.5152797176506,0.22910809868355456,16.03756690784882,34.46893365362373
14.51761101054008,99.43649704846239,3177.2962299749224,3155.094065698551,3094.5226182047018,3000.0,3171.7456889058294,0.2808261449322132,19.657830145254927,0.0,3128.850121686903,0.20449131131432954,14.314391792003068,19.657830145254927,3051.7073220447874,0.22494323695675988,15.746026586973192,33.97222193725799
15.085187957094487,97.88884460982294,3174.8161495798677,3152.866237438508,3093.097838451961,3000.0,3169.3286715445274,0.2776355102830618,19.43448571981433,0.0,3126.949181621191,0.200715146693499,14.050060268544932,19.43448571981433,3050.914135416376,0.22085537595074586,15.459876316552213,33.484545988359265
15.67495475224218,96.36962927008281,3172.3796114898714,3150.6782695645393,3091.699177368575,3000.0,3166.9542760085383,0.27449144672946835,19.214401271062787,0.0,3125.0828255528827,0.19701965326671408,13.791375728669987,19.214401271062794,3050.135507891114,0.21684339479012332,15.179037635308633,33.00577699973278
16.287778924841714,94.87842144612364,3169.9859388517025,3148.529548439479,3090.326238447863,3000.0,3164.6218412486464,0.2713931546771638,18.997520827401466,0.0,3123.250525735464,0.19340368382734024,13.538257867913817,18.997520827401466,3049.371219046201,0.2129061718249504,14.90343202774653,32.53577869531529
16.924561920446376,93.41478343232693,3167.6344360159023,3146.419443113631,3088.9786149752767,3000.0,3162.3306877903347,0.2683398157651419,18.78378710355993,0.0,3121.4517396279075,0.18986603883821887,13.29062271867532,18.78378710355993,3048.6210436134156,0.2090425984846887,14.632981893928209,32.07440982223524
17.586240427302897,91.97827354762238,3165.3243960524765,3144.3473120337703,3087.655894150506,3000.0,3160.0801250478,0.2653306030692608,18.57314221484826,0.0,3119.685915553601,0.18640547874505448,13.048383512153814,18.573142214848264,3047.8847536806006,0.20525158638298738,14.367611046809117,31.621525727002076
18.27378775419115,90.5684487509887,3163.0551057038456,3142.312507459992,3086.3576597663614,3000.0,3157.8694561428824,0.26236468788307965,18.365528151815578,0.0,3117.952496414657,0.18302073239759264,12.811451267831487,18.365528151815568,3047.1621200998825,0.20153207079781837,14.107244955847285,31.17697941964706
18.988215262131476,89.1848663743697,3160.8258488456017,3140.3143785510056,3085.0834940529926,3000.0,3155.697981271953,0.2594412444670145,18.160887112691015,0.0,3116.2509222792046,0.17971050324917393,12.579735227442175,18.160887112691015,3046.4529134380355,0.1978830121007381,13.851810847051667,30.740622340133193
19.73057385206572,87.827085325973,3158.635909041504,3138.3522736435057,3083.832979019518,3000.0,3153.5650001920044,0.2565594535345612,17.95916174741929,0.0,3114.5806322885096,0.17647347424534113,12.353143197173878,17.959161747419287,3045.756904651644,0.19430339597704763,13.601237718393334,30.312304944593162
20.50195551070028,86.49466696314747,3156.484571524303,3136.4255420227605,3082.605697480671,3000.0,3151.4698141489175,0.2537185049114738,17.760295343803165,0.0,3112.9410661364664,0.17330831191538826,12.131581834077178,17.760295343803158,3045.0738655902305,0.19079223290990555,13.35545630369339,29.89187717788033
21.303494916785024,85.18717575070457,3154.3711247945557,3134.5335353566393,3081.401233877299,3000.0,3149.4117274350765,0.2509175996200927,17.56423197340649,0.0,3111.3316652678454,0.17021366996391543,11.914956897474081,17.5642319734065,3044.4035693872625,0.1873485572067388,13.114399004471716,29.47918887088058
22.136371110190925,83.90417977391668,3152.2948619518047,3132.675608895611,3080.2191749556196,3000.0,3147.390048687756,0.24815595153865316,17.370916607705723,0.0,3109.7518738825165,0.16718819253889208,11.703173477722444,17.37091660770573,3043.7457907748158,0.1839714257361453,12.877999801530173,29.07409008542816
23.001809226241537,82.6452511487061,3150.2550818278087,3130.8511225011434,3079.059110344828,3000.0,3145.4040919961426,0.24543278872718016,17.180295210902614,0.0,3108.2011397987317,0.1642305172817486,11.496136209722401,17.180295210902617,3043.1003063437956,0.18065991648182902,12.646194153728034,28.676431420625015
23.90108229784945,81.40996635576036,3148.2510899655276,3129.0594415416026,3077.9206330578404,3000.0,3143.453177859546,0.24274735447845425,16.9923148134918,0.0,3106.6789152086994,0.1613392782235755,11.293749475650285,16.9923148134918,3042.466894763462,0.17741312698197287,12.418918888738101,28.286064289142082
24.83551312810864,80.19790651587233,3146.2821994722954,3127.2999376808552,3076.8033399310607,3000.0,3141.5366340244354,0.24009890813470394,16.806923569429276,0.0,3105.184657347687,0.15851310856413198,11.095917599489239,16.80692356942928,3041.8453369691183,0.1742301727002522,12.196112089017655,27.902841168918517
25.806476236097268,79.00865761820282,3144.3477317665706,3125.5719895766024,3075.7068320137814,3000.0,3139.6537962190787,0.23748672570004137,16.6240707990029,0.0,3103.7178290909133,0.15575064335437963,10.902545034806572,16.624070799002897,3041.2354163239097,0.17111018536131334,11.977712975291933,27.52661583380947
26.815399878753,77.84181070949832,3142.447017232095,3123.874983500236,3074.630714914397,3000.0,3137.8040087991303,0.23491010027429785,16.44370701920085,0.0,3102.2778994878468,0.15305052209014863,10.713536546310404,16.443707019200847,3040.636918758807,0.1680523112748272,11.763661789237904,27.157243565511255
27.86376815179518,76.69696205008303,3140.579395789957,3122.2083138869443,3073.574599108516,3000.0,3135.9866253142036,0.23236834233081793,16.265783963157258,0.0,3100.8643442408306,0.15041139121734137,10.528797385213897,16.265783963157258,3040.0496328936792,0.16505570966671942,11.55389967667036,26.794581348371153
28.953123172784107,75.5737132412005,3138.7442173971986,3120.5713838229462,3072.538100212852,3000.0,3134.201009003635,0.22986077986024722,16.090254590217306,0.0,3099.476646133296,0.1478319065428895,10.348233458002266,16.0902545902173,3039.4733501417177,0.1621195510340096,11.348368572380672,26.438488048219558
30.085067349528597,74.4716713272228,3136.9408424790076,3118.963605475234,3071.5208392277295,3000.0,3132.4465332280647,0.22738675840152844,15.917073088106992,0.0,3098.114295411472,0.14531073554102597,10.17175148787182,15.917073088106989,3038.9078647989313,0.15924301553760828,11.147011087632581,26.08882457597881
31.26126573717874,73.39044887570353,3135.1686423008823,3117.3844004685448,3070.5224427505746,3000.0,3130.7225818427983,0.22494564098116324,15.74619486868143,0.0,3096.7767901228835,0.1428465595425876,9.999259167981132,15.746194868681433,3038.3529741201146,0.15642529144556003,10.949770401189202,25.745454036662572
32.483448487470916,72.32966403779099,3133.4269992861296,3115.833200213363,3069.5425431622284,3000.0,3129.028549517938,0.22253680798025907,15.577576558618135,0.0,3095.463636414196,0.14043807579306178,9.830665305514326,15.57757655861814,3037.808478382488,0.15366557363947184,10.756590154763028,25.408241864132464
33.753413393727925,71.28894059128073,3131.715307283864,3114.3094461885626,3068.5807787877466,3000.0,3127.3638420100388,0.22015965694934728,15.41117598645431,0.0,3094.174348790708,0.13808399936411977,9.665879955488384,15.411175986454314,3037.2741809380523,0.15096306219568104,10.567414353697673,25.077055941942696
35.073028535357764,70.2679079681442,3130.0329717914974,3112.812590181406,3067.6367940329214,3000.0,3125.7278763889744,0.21781360238696568,15.2469521670876,0.0,3092.9084503392382,0.13578306490522699,9.50481454336589,15.246952167087596,3036.749888255495,0.14831696105169448,10.382187273618614,24.751766710453484
36.444235025741165,69.26620126835164,3128.37941013578,3111.342094487659,3066.710239497787,3000.0,3124.12008122375,0.21549807549830122,15.084865284881088,0.0,3091.66547291613,0.13353402822192897,9.34738197553503,15.084865284881088,3036.2354099524646,0.14572647676799566,10.200853373759697,24.432247260416116
37.86904986754976,68.28346126140781,3126.7540516152308,3109.8974320737407,3065.8007720679807,3000.0,3122.539896729858,0.21321252394585818,14.924876676210074,0.0,3090.444957301555,0.1313356676698358,9.193496736888507,14.924876676210074,3035.7305588188506,0.14319081739436176,10.023357217605323,24.118373413098578
39.34956891969517,67.3193343768767,3125.1563376066515,3108.4780867027825,3064.9080549848745,3000.0,3120.9867748806846,0.21095641160218528,14.76694881215297,0.0,3089.2464533213715,0.12918678535659062,9.043074974961344,14.76694881215297,3035.235150831636,0.14070919144748625,9.849643401324037,23.8100237871143
40.88796998027311,66.37347268506187,3123.5857216377167,3107.0835530260233,3064.031757895215,3000.0,3119.460179484793,0.20872921831206998,14.611045281844898,0.0,3088.0695199374745,0.12708620814560975,8.896034570192684,14.611045281844898,3034.7490051618533,0.13828080700704784,9.679656490493349,23.507079852037577
42.4865159900375,65.44553386866231,3122.041669427055,3105.7133366406415,3063.171556880918,3000.0,3117.9595862304514,0.20653043966794116,14.457130776755879,0.0,3086.9137253075032,0.12503278845994592,8.752295192196215,14.457130776755879,3034.271944174034,0.1359048709339866,9.513340965379061,23.209425968952097
44.14755836111723,64.53518118620545,3120.5236588929606,3104.366954115038,3062.3271344696677,3000.0,3116.48448269848,0.20435958680030877,14.305171076021615,0.0,3085.7786468147337,0.12302540488712997,8.611778342099099,14.305171076021615,3033.803793418527,0.13358058821402866,9.350641174982005,22.916949418120712
45.87354043587068,63.642083427916745,3119.0311801314288,3103.0439329823344,3061.4981796269326,3000.0,3115.0343683441556,0.20221618618220957,14.155133032754671,0.0,3084.663871068937,0.12106296258897693,8.474407381228385,14.155133032754666,3033.3443816170457,0.13130716142821877,9.191501299975315,22.629540413983044
47.667001080967765,62.76591486448824,3117.5637353640577,3101.743811702842,3060.684387730025,3000.0,3113.6087544487536,0.20009977944489216,14.00698456114245,0.0,3083.5689938790297,0.11914439352366625,8.340107546656638,14.006984561142458,3032.893540641718,0.12908379034921474,9.035865324445032,22.347092107799096
49.530578421984764,61.90635518930884,3116.120838856244,3100.4661395962953,3059.885460524921,3000.0,3112.207164041257,0.19800992320028832,13.860694624020182,0.0,3082.4936201984774,0.11726865648981563,8.208805954287094,13.860694624020182,3032.4511054879786,0.12690967166210204,8.883677016347141,22.06950057830727
51.46701372400612,61.06308945443844,3114.7020168059107,3099.2104767445517,3059.101106066519,3000.0,3110.8291317905705,0.19594618886431045,13.71623322050173,0.0,3081.4373640443646,0.11543473700480154,8.08043159033611,13.71623322050173,3032.016914241552,0.1247839988054483,8.734879916381383,21.796664810837843
53.47915542394127,60.235808000891765,3113.30680720351,3097.9763938659394,3058.3310386433004,3000.0,3109.4742038691174,0.19390816247536793,13.573571373275756,0.0,3080.3998483914943,0.11364164703132604,7.954915292192822,13.573571373275755,3031.5908080399413,0.12270596192824726,8.589417334977307,21.528486665468577
55.56996332048789,59.4242063835415,3111.9347596636794,3096.7634721621976,3057.5749786872384,3000.0,3108.141937788309,0.19189544450104093,13.432681115072866,0.0,3079.3807050427167,0.11188842456763252,7.832189719734276,13.432681115072866,3031.1726310286904,0.12067474795662303,8.447232356963612,21.264870834807148
57.74251292790499,58.627985291176074,3110.5854352297065,3095.5713031396213,3056.832652670139,3000.0,3106.8319022071855,0.1899076496271492,13.293535473900446,0.0,3078.3795744772083,0.11017413311824008,7.712189318276806,13.293535473900445,3030.7622303129056,0.1186895407630112,8.308267853410785,21.005724792177247
60.0,57.84685046218941,3109.2584061518614,3094.3994884059402,3056.103792987545,3000.0,3105.543676715381,0.18794440652313976,13.156108456619785,0.0,3077.3961056783805,0.10849786106239803,7.594850274367863,13.156108456619785,3030.359455904422,0.11674952143010085,8.172466500107058,20.75095873098765
